<Product Revision="2" xmlns="https://github.com/OpenZWave/open-zwave">
  <MetaData>
    <MetaDataItem name="Name">GKW-2000D</MetaDataItem>
    <MetaDataItem name="Description">The GKW-2000D is a secure electronic door lock</MetaDataItem>
    <MetaDataItem name="OzwInfoPage">http://www.openzwave.com/device-database/037B:0001:0002</MetaDataItem>
    <MetaDataItem name="ProductPage">http://gkw2000d.thekeywe.com</MetaDataItem>
    <MetaDataItem name="ProductSupport">https://mykeywe.thekeywe.com/Home/Login</MetaDataItem>
    <MetaDataItem name="ProductPic">images/guardtec/gkw2000d.png</MetaDataItem>
    <MetaDataItem name="ProductManual">https://products.z-wavealliance.org/ProductManual/File?folder=&amp;filename=MarketCertificationFiles/2905/GKW-2000DZ-WaveManual.pdf</MetaDataItem>
    <MetaDataItem name="InclusionDescription">press the [REG] button, enter the Master Pin (Default:1234) on the keypad followed by #88* </MetaDataItem>
    <MetaDataItem name="ExclusionDescription">press the [REG] button, enter the Master Pin (Default:1234) on the keypad followed by #99* </MetaDataItem>
    <MetaDataItem name="ResetDescription">press the [REG] button, enter the Master Pin (Default:1234) on the keypad followed by #5*2*[Master Pin]# </MetaDataItem>
    <MetaDataItem id="0001" name="ZWProductPage" type="0002">https://products.z-wavealliance.org/products/3060/</MetaDataItem>
    <MetaDataItem id="0001" name="ZWProductPage" type="0002">https://products.z-wavealliance.org/products/3062/</MetaDataItem>
    <MetaDataItem id="0001" name="ZWProductPage" type="0002">https://products.z-wavealliance.org/products/3030/</MetaDataItem>
    <MetaDataItem id="0001" name="ZWProductPage" type="0002">https://products.z-wavealliance.org/products/3064/</MetaDataItem>
    <MetaDataItem id="0001" name="ZWProductPage" type="0002">https://products.z-wavealliance.org/products/2905/</MetaDataItem>
    <MetaDataItem id="0001" name="ZWProductPage" type="0002">https://products.z-wavealliance.org/products/3061/</MetaDataItem>
    <MetaDataItem id="0001" name="ZWProductPage" type="0002">https://products.z-wavealliance.org/products/3063/</MetaDataItem>
    <MetaDataItem id="0001" name="ZWProductPage" type="0002">https://products.z-wavealliance.org/products/3029/</MetaDataItem>
    <MetaDataItem id="0001" name="ZWProductPage" type="0002">https://products.z-wavealliance.org/products/2993/</MetaDataItem>
    <MetaDataItem id="0001" name="FrequencyName" type="0002">Malaysia</MetaDataItem>
    <MetaDataItem id="0001" name="FrequencyName" type="0002">Singapore</MetaDataItem>
    <MetaDataItem id="0001" name="FrequencyName" type="0002">South Korea</MetaDataItem>
    <MetaDataItem id="0001" name="FrequencyName" type="0002">Thailand</MetaDataItem>
    <MetaDataItem id="0001" name="FrequencyName" type="0002">U.S. / Canada / Mexico</MetaDataItem>
    <MetaDataItem id="0001" name="FrequencyName" type="0002">Brazil</MetaDataItem>
    <MetaDataItem id="0001" name="FrequencyName" type="0002">Taiwan</MetaDataItem>
    <MetaDataItem id="0001" name="FrequencyName" type="0002">Australia / New Zealand</MetaDataItem>
    <MetaDataItem id="0001" name="FrequencyName" type="0002">CEPT (Europe)</MetaDataItem>
    <ChangeLog>
      <Entry author="Brian Veltman - brian@brianveltman.com" date="28 September 2019" revision="2">Refresh lock status when alarm message received</Entry>
      <Entry author="Brian Veltman - brian@brianveltman.com" date="27 September 2019" revision="1">Initial Metadata import</Entry>
    </ChangeLog>
  </MetaData>
  <CommandClass id="113">
    <!-- These Door Locks don't send a DoorLockReport when the
		Lock Status is Changed, but instead send a Alarm Message -
		So we trigger a Refresh of the DoorLock Command Class when
		we recieve a Alarm Message Instead -->
    <TriggerRefreshValue Genre="user" Index="0" Instance="1">
      <RefreshClassValue CommandClass="98" Index="1" Instance="1" RequestFlags="0"/>
    </TriggerRefreshValue>
  </CommandClass>
  <!-- The Association Group Information -->
  <CommandClass id="133">
    <Associations num_groups="2">
      <Group index="1" label="LifeLine" max_associations="5"/>
      <Group index="2" label="Door Op" max_associations="5"/>
    </Associations>
  </CommandClass>
</Product>