<Product Revision="4" xmlns="https://github.com/OpenZWave/open-zwave">
  <MetaData>
    <MetaDataItem name="OzwInfoPage">http://www.openzwave.com/device-database/0086:0026:0001</MetaDataItem>
    <MetaDataItem name="ProductPic">images/aeotec/dsa38.png</MetaDataItem>
    <MetaDataItem id="0026" name="ZWProductPage" type="0001">https://products.z-wavealliance.org/products/1288/</MetaDataItem>
    <MetaDataItem id="0026" name="Identifier" type="0001">DSA38-ZWAU</MetaDataItem>
    <MetaDataItem name="Name">Aeon Labs Panic Button DSA38 ZWAU</MetaDataItem>
    <MetaDataItem name="Description">Panic Button</MetaDataItem>
    <MetaDataItem id="0026" name="FrequencyName" type="0001">CEPT (Europe) / U.S. / Canada / Mexico / Australia / New Zealand</MetaDataItem>
    <ChangeLog>
      <Entry author="Justin Hammond - Justin@dynam.ac" date="08 May 2019" revision="2">Initial Metadata Import from Z-Wave Alliance Database - https://products.z-wavealliance.org/products/1284/xml</Entry>
      <Entry author="Justin Hammond - Justin@dynam.ac" date="08 May 2019" revision="3">Updated Metadata Import from Z-Wave Alliance Database - https://products.z-wavealliance.org/products/1285/xml</Entry>
      <Entry author="Justin Hammond - Justin@dynam.ac" date="08 May 2019" revision="4">Updated Metadata Import from Z-Wave Alliance Database - https://products.z-wavealliance.org/products/1288/xml</Entry>
    </ChangeLog>
  </MetaData>
  <!-- 
Aeon Labs Panic Button Gen5 
https://aeotec.freshdesk.com/helpdesk/attachments/6009584530
-->
  <!-- Basic and SwitchMultiLevel are for when the KeyFob is in Group Mode.
  You should configure the device to operate in Scene Mode instead if you
  wish to integrate it with your application -->
  <CommandClass action="remove" id="32"/>
  <CommandClass action="remove" id="38"/>
  <!-- Configuration Parameters -->
  <CommandClass id="112">
    <Value genre="config" index="250" label="Mode" max="1" min="0" size="1" type="list" units="" value="0">
      <Help>Enable selective Group Mode or Scene Mode when the Panic Button is in Use mode</Help>
      <Item label="Group" value="0"/>
      <Item label="Scene" value="1"/>
    </Value>
    <Value genre="config" index="255" label="Reset configuration" type="button" units="" value="0" write_only="true">
      <Help>Reset configuration set up to default setting</Help>
    </Value>
  </CommandClass>
  <!-- COMMAND_CLASS_ASSOCIATION -->
  <CommandClass id="133">
    <Associations num_groups="1">
      <Group index="1" label="Lifeline" max_associations="5"/>
    </Associations>
  </CommandClass>
</Product>
