<Product Revision="2" xmlns="https://github.com/OpenZWave/open-zwave">
  <!-- 
Aeotec DSB45 Water Sensor 
https://aeotec.freshdesk.com/helpdesk/attachments/6009584511
-->
	<!-- Configuration Parameters -->
  <CommandClass id="112">
    <Value genre="config" index="1" label="Sensor Binary Report Toggle" max="1" min="0" size="1" type="list" value="0">
      <Help>Toggle the sensor binary report value when the Water Sensor is Triggered</Help>
      <Item label="Normal" value="0"/>
      <Item label="Inverse" value="1"/>
    </Value>
    <Value genre="config" index="2" label="Wake Up on Power On" max="1" min="0" size="1" type="list" value="0">
      <Help>Enable wake up 10 minutes when the power is switched on.</Help>
      <Item label="Disable" value="0"/>
      <Item label="Enable" value="1"/>
    </Value>
    <Value genre="config" index="3" label="Basic Set Toggle" max="1" min="0" size="1" type="list" value="0">
      <Help>Toggle the basic set value when the Water Sensor is Triggered</Help>
      <Item label="Normal" value="0"/>
      <Item label="Inverse" value="1"/>
    </Value>
    <Value genre="config" index="121" label="Report Type to Send" max="4369" min="0" type="int" value="256">
      <Help>To set which command will be sent to the associated nodes when the Water Sensor is triggered.
	            	Bitsets:
	         	1 -> Battery
	                4 -> Sensor Binary
	                8 -> Basic Set
	                12 -> Alarm
	              	Default setting: 0x100 (Basic Set)
              		OZW Ideal Setting: 0x1011 (Battery, Sensor Binary Report, Alarm)
            	    </Help>
    </Value>
    <Value genre="config" index="255" label="Reset to default" type="button" value="0" write_only="true">
      <Help>Reset to factory defaults.</Help>
    </Value>
  </CommandClass>
  <!-- the Device Doesn't support Get for Alarm Class -->
  <CommandClass id="113">
    <Compatibility>
      <GetSupported>false</GetSupported>
    </Compatibility>
  </CommandClass>
  <!-- Association Groups -->
  <CommandClass id="133">
    <Associations num_groups="1">
      <Group index="1" label="Lifeline" max_associations="4"/>
    </Associations>
  </CommandClass>
</Product>
