<Product Revision="3" xmlns="https://github.com/OpenZWave/open-zwave">
  <MetaData>
    <MetaDataItem name="OzwInfoPage">http://www.openzwave.com/device-database/0063:3133:4953</MetaDataItem>
    <MetaDataItem name="ProductPic">images/ge/zw6302.png</MetaDataItem>
    <MetaDataItem id="3133" name="ZWProductPage" type="4953">https://products.z-wavealliance.org/products/1902/</MetaDataItem>
    <MetaDataItem id="3133" name="Identifier" type="4953">34193/ZW6302</MetaDataItem>
    <MetaDataItem name="ProductManual">https://Products.Z-WaveAlliance.org/ProductManual/File?folder=&amp;filename=Manuals/2124/34194 QSG and Parameter List.pdf</MetaDataItem>
    <MetaDataItem id="3133" name="FrequencyName" type="4953">U.S. / Canada / Mexico</MetaDataItem>
    <MetaDataItem name="ExclusionDescription">1. Follow the instructions for your Z-Wave certified controller to exclude a device from the Z-Wave network. 
 2. Once the controller is ready to exclude your device, press and release the program button to exclude it from the network. </MetaDataItem>
    <MetaDataItem name="Name">Portable Smart Motion Sensor </MetaDataItem>
    <MetaDataItem name="Description">Make the move toward convenience with the Z-Wave Portable Smart Motion Sensor for your home. 
This Z-Wave compatible device boosts the safety of your home by working with your home’s gateway 
to wirelessly trigger scenes and send alerts to your smartphone or tablet whenever motion is detected. 
Use the included batteries for easy placement anywhere, plug into the wall using a AC adapter and 
USB cable – never replace batteries again.
</MetaDataItem>
    <MetaDataItem name="ResetDescription">1. Press the program button 10 times within 6 seconds. 
2. The blue LED will blink for 3 seconds. 
Note: This should only be done in the event your primary controller is missing or otherwise inoperable.</MetaDataItem>
    <MetaDataItem name="InclusionDescription">1. Follow the instructions for your Z-Wave certified controller to include a device to the Z-Wave network. 
2. Once the controller is ready to include your device, press and release the program button to include it in the network. 
3. The blue LED will activate for 3 seconds to confirm it has been included.</MetaDataItem>
    <ChangeLog>
      <Entry author="Justin Hammond - Justin@dynam.ac" date="24 May 2019" revision="2">Initial Metadata Import from Z-Wave Alliance Database - https://products.z-wavealliance.org/products/1902/xml</Entry>
      <Entry author="Justin Hammond - Justin@dynam.ac" date="02 Jun 2019" revision="3">Updated Metadata Import from Z-Wave Alliance Database - https://products.z-wavealliance.org/products/2124/xml</Entry>
    </ChangeLog>
    <MetaDataItem id="3134" name="ZWProductPage" type="4953">https://products.z-wavealliance.org/products/2124/</MetaDataItem>
    <MetaDataItem id="3134" name="FrequencyName" type="4953">U.S. / Canada / Mexico</MetaDataItem>
    <MetaDataItem id="3134" name="Identifier" type="4953">34194/ZW6302</MetaDataItem>
  </MetaData>
  <!--
GE/Jasco ZW6302 Portable Smart Motion Sensor
https://products.z-wavealliance.org/products/1902
-->
    <!-- Configuration -->
  <CommandClass id="112">
    <Value genre="config" index="13" label="PIR Sensitivity Setting" max="3" min="1" size="1" type="list" units="" value="3">
      <Help>PIR Sensitivity Setting</Help>
      <Item label="Low" value="1"/>
      <Item label="Medium" value="2"/>
      <Item label="High" value="3"/>
    </Value>
    <Value genre="config" index="18" label="PIR Timeout Duration" max="1" min="0" size="1" type="byte" units="" value="1">
      <Help>
                1 to 60 => 1 min to 60 min.
                255 => 5 seconds.
            </Help>
    </Value>
    <Value genre="config" index="20" label="Report type" max="3" min="1" size="1" type="list" units="" value="3">
      <Help>Motion Sensor will send out</Help>
      <Item label="Notification" value="1"/>
      <Item label="Basic Set" value="2"/>
      <Item label="Basic Report" value="3"/>
    </Value>
    <Value genre="config" index="28" label="LED indication" max="1" min="0" size="1" type="list" units="" value="1">
      <Help>Enable or Disable the LED indication when PIR is triggered</Help>
      <Item label="Disable" value="0"/>
      <Item label="Enable" value="1"/>
    </Value>
  </CommandClass>
  <!-- Association Groups -->
  <CommandClass id="133">
    <Associations num_groups="1">
      <Group index="1" label="Lifeline" max_associations="5"/>
    </Associations>
  </CommandClass>
</Product>
