<Product Revision="4" xmlns="https://github.com/OpenZWave/open-zwave">
  <MetaData>
    <MetaDataItem name="OzwInfoPage">http://www.openzwave.com/device-database/0060:0008:0004</MetaDataItem>
    <MetaDataItem name="ProductPic">images/everspring/an179.png</MetaDataItem>
    <MetaDataItem id="0008" name="ZWProductPage" type="0004">https://products.z-wavealliance.org/products/1058/</MetaDataItem>
    <MetaDataItem name="Description">The In-Wall On/Off Module is a Z-Wave enabled device which is fully compatible with any Z-Wave enabled network.  Z-Wave enabled devices displaying the Z-Wave logo can also be used with it regardless of the manufacturer, and ours can also be used in other manufacturer’s Z-Wave enabled networks.  Inclusion of this unit on other manufacturer’s Wireless Controller menu allows remote operation of the unit and the connected load.  Z-Wave node in the system also acts as a repeater, so the RF signal can reach its intended receiver by routing around obstacles and radio dead spots.

The In-Wall On/Off Module is designed to control the on/off status of lighting and appliances load in your house.  Two sets of dry contacts provide more wiring applications.  For security, the unit can detect overheating and will turn off relay automatically to avoid damage.  At 230V voltage, this module can support up to 2500W resistive, 1200W incandescent, 700W motor, or 320W (40W*8) fluorescent load.
</MetaDataItem>
    <MetaDataItem name="WakeupDescription">NR</MetaDataItem>
    <MetaDataItem name="ProductManual">https://Products.Z-WaveAlliance.org/ProductManual/File?folder=&amp;filename=Manuals/1058/Manual_AN179_20140808.pdf</MetaDataItem>
    <MetaDataItem name="InclusionDescription">1. Put the Z-Wave Controller into inclusion mode.
2. Press the link key three times within 1.5 seconds to put the unit into inclusion mode.
</MetaDataItem>
    <MetaDataItem id="0008" name="FrequencyName" type="0004">CEPT (Europe)</MetaDataItem>
    <MetaDataItem name="ExclusionDescription">1.  Put the Z-Wave Controller into exclusion mode.
2.  Press the link key three times within 1.5 seconds to put the unit into exclusion mode.
</MetaDataItem>
    <MetaDataItem name="Name">In-Wall On/Off Switch Module</MetaDataItem>
    <MetaDataItem id="0008" name="Identifier" type="0004">AN179-0</MetaDataItem>
    <MetaDataItem name="ResetDescription">(This procedure should only be used when the primary controller is no longer operational.)
1.  Press the link key three times within 1.5 seconds to put the unit into exclusion mode.
2.  Within 1 second of step 1, press link key again and hold until LED is off (about 5 sec.).
3.  Node ID is excluded, and the unit is returned to the factory default state.
</MetaDataItem>
    <ChangeLog>
      <Entry author="Justin Hammond - Justin@dynam.ac" date="03 May 2019" revision="4">Initial Metadata Import from Z-Wave Alliance Database - https://products.z-wavealliance.org/products/1058/xml</Entry>
    </ChangeLog>
  </MetaData>
  <!-- SmartHome by Everspring In Wall On Off - AN179-0 -->
    <!-- Configuration Parameters -->
  <CommandClass id="112">
    <Value genre="config" index="1" label="Basic Set" max="255" min="0" size="2" type="short" value="255">
      <Help>Basic Set Command value</Help>
    </Value>
    <Value genre="config" index="2" label="Delay" max="25" min="3" size="2" type="short" value="3">
      <Help>
                The delaying time to report to Group 1
            </Help>
    </Value>
    <Value genre="config" index="3" label="Remember Last" max="1" min="0" size="1" type="list" value="1">
      <Help>
                Remember the last status on plug
            </Help>
      <Item label="Do not remember" value="0"/>
      <Item label="Remember" value="1"/>
    </Value>
    <Value genre="config" index="4" label="Switching type" max="1" min="0" type="byte" units="" value="0">
      <Help>
        0: Single Pole Double Throw (1: Toggle switch)
      </Help>
    </Value>
  </CommandClass>
  <!-- Association Groups -->
  <CommandClass id="133">
    <Associations num_groups="2">
      <Group index="1" label="Lifeline" max_associations="1"/>
      <Group index="2" label="Basic Set" max_associations="4"/>
    </Associations>
  </CommandClass>
</Product>
