<Product Revision="5" xmlns="https://github.com/OpenZWave/open-zwave">
  <MetaData>
    <MetaDataItem name="OzwInfoPage">http://www.openzwave.com/device-database/0060:0007:0004</MetaDataItem>
    <MetaDataItem name="ProductPic">images/everspring/an180.png</MetaDataItem>
    <MetaDataItem id="0007" name="ZWProductPage" type="0004">https://products.z-wavealliance.org/products/1456/</MetaDataItem>
    <MetaDataItem name="InclusionDescription">1. Put the Z-Wave Controller into inclusion mode.
2. Press the link key three times within 1.5 seconds to put the unit into inclusion mode.</MetaDataItem>
    <MetaDataItem id="0007" name="Identifier" type="0004">AN180-2</MetaDataItem>
    <MetaDataItem name="Name">on/off mini plug</MetaDataItem>
    <MetaDataItem name="Description">The On/Off Mini Plug is a Z-WaveTM enabled device which is fully compatible with any Z-WaveTM enabled network. Z-WaveTM enabled devices displaying the Z-WaveTM logo can also be used with it regardless of the manufacturer, and ours can also be used in other manufacturer’s Z-WaveTM enabled networks. Inclusion of this unit on other manufacturer’s Wireless Controller menu allows remote operation of the unit and the connected load.

The On/Off Mini Plug is designed to control the on/off status of appliances load in your house.  At 220-240V voltage, this Plug can support up to 1500W resistive.
</MetaDataItem>
    <MetaDataItem name="WakeupDescription">NR</MetaDataItem>
    <MetaDataItem name="ResetDescription">1. Press the link key three times within 1.5 seconds to put the unit into exclusion mode.
2. Within 1 second of step 1, press link key again and hold it until LED is off (about 5 seconds).
3. Node ID is excluded.  The device reverts to factory default state and will be in auto-inclusion mode for 4 minutes.
4. Use this procedure only in the event that the network primary controller is missing or otherwise inoperable.</MetaDataItem>
    <MetaDataItem name="ExclusionDescription">1. Put the Z-Wave Controller into exclusion mode.
2. Press the link key three times within 1.5 seconds to put the unit into exclusion mode.</MetaDataItem>
    <MetaDataItem id="0007" name="FrequencyName" type="0004">CEPT (Europe)</MetaDataItem>
    <MetaDataItem name="ProductManual">https://Products.Z-WaveAlliance.org/ProductManual/File?folder=&amp;filename=Manuals/1456/Manual_AN180_20150901-A501112261R02-rev.pdf</MetaDataItem>
    <ChangeLog>
      <Entry author="Justin Hammond - Justin@dynam.ac" date="03 May 2019" revision="4">Initial Metadata Import from Z-Wave Alliance Database - https://products.z-wavealliance.org/products/1066/xml</Entry>
      <Entry author="Justin Hammond - Justin@dynam.ac" date="08 May 2019" revision="5">Updated Metadata Import from Z-Wave Alliance Database - https://products.z-wavealliance.org/products/1456/xml</Entry>
    </ChangeLog>
  </MetaData>
  <!-- Everspring - AN180-6 - Miniplug On/Off -->
    <!-- Configuration Parameters -->
  <CommandClass id="112">
    <Value genre="config" index="1" label="Basic Set" max="255" min="0" size="2" type="short" value="255">
      <Help>Basic Set Command value</Help>
    </Value>
    <Value genre="config" index="2" label="Delay" max="25" min="3" size="2" type="short" value="3">
      <Help>
                The delaying time to report to Group 1
            </Help>
    </Value>
    <Value genre="config" index="3" label="Remember Last" max="1" min="0" size="1" type="list" value="1">
      <Help>
                Remember the last status on plug
            </Help>
      <Item label="Do not remember" value="0"/>
      <Item label="Remember" value="1"/>
    </Value>
  </CommandClass>
  <!-- Association Groups -->
  <CommandClass id="133">
    <Associations num_groups="2">
      <Group index="1" label="Lifeline" max_associations="1"/>
      <Group index="2" label="Basic Set" max_associations="4"/>
    </Associations>
  </CommandClass>
</Product>
