<Product Revision="9" xmlns="https://github.com/OpenZWave/open-zwave">
  <MetaData>
    <MetaDataItem name="OzwInfoPage">http://www.openzwave.com/device-database/0060:0001:0003</MetaDataItem>
    <MetaDataItem name="ProductPic">images/everspring/lptdm1u.png</MetaDataItem>
    <MetaDataItem id="0001" name="ZWProductPage" type="0003">https://products.z-wavealliance.org/products/1140/</MetaDataItem>
    <MetaDataItem id="0001" name="FrequencyName" type="0003">CEPT (Europe) / Hong Kong / U.S. / Canada / Mexico / CEPT (Europe) / CEPT (Europe) / Russia / U.S. / Canada / Mexico / U.S. / Canada / Mexico / U.S. / Canada / Mexico</MetaDataItem>
    <MetaDataItem name="Name">AD145-1/ Everspring</MetaDataItem>
    <MetaDataItem name="Description">The AD145 is a lamp holder to receive the Command from the Controller or Routing Slave and through Controller or Routing Slave controls the ON/OFF status of the plug-in lighting fixtures, of which power loading cannot exceed 20W.</MetaDataItem>
    <MetaDataItem id="0001" name="Identifier" type="0003">AD145-1</MetaDataItem>
    <MetaDataItem name="ProductPage">http://www.everspring.com/AD142.aspx</MetaDataItem>
    <MetaDataItem name="ProductSupport">http://www.everspring.com/AD126.aspx</MetaDataItem>
    <ChangeLog>
      <Entry author="Justin Hammond - Justin@dynam.ac" date="03 May 2019" revision="1">Initial Metadata Import from Z-Wave Alliance Database - https://products.z-wavealliance.org/products/30/xml</Entry>
      <Entry author="Justin Hammond - Justin@dynam.ac" date="03 May 2019" revision="2">Updated Metadata Import from Z-Wave Alliance Database - https://products.z-wavealliance.org/products/32/xml</Entry>
      <Entry author="Justin Hammond - Justin@dynam.ac" date="03 May 2019" revision="3">Updated Metadata Import from Z-Wave Alliance Database - https://products.z-wavealliance.org/products/208/xml</Entry>
      <Entry author="Justin Hammond - Justin@dynam.ac" date="03 May 2019" revision="4">Updated Metadata Import from Z-Wave Alliance Database - https://products.z-wavealliance.org/products/275/xml</Entry>
      <Entry author="Justin Hammond - Justin@dynam.ac" date="03 May 2019" revision="5">Updated Metadata Import from Z-Wave Alliance Database - https://products.z-wavealliance.org/products/277/xml</Entry>
      <Entry author="Justin Hammond - Justin@dynam.ac" date="03 May 2019" revision="6">Updated Metadata Import from Z-Wave Alliance Database - https://products.z-wavealliance.org/products/870/xml</Entry>
      <Entry author="Justin Hammond - Justin@dynam.ac" date="03 May 2019" revision="7">Updated Metadata Import from Z-Wave Alliance Database - https://products.z-wavealliance.org/products/978/xml</Entry>
      <Entry author="Justin Hammond - Justin@dynam.ac" date="03 May 2019" revision="8">Updated Metadata Import from Z-Wave Alliance Database - https://products.z-wavealliance.org/products/992/xml</Entry>
      <Entry author="Justin Hammond - Justin@dynam.ac" date="08 May 2019" revision="9">Updated Metadata Import from Z-Wave Alliance Database - https://products.z-wavealliance.org/products/1140/xml</Entry>
    </ChangeLog>
  </MetaData>
  <CommandClass id="112"/>
</Product>
