<!-- Horstmann ASR-ZW Thermostat Receiver also know as Secure SSR303--><Product Revision="3" xmlns="https://github.com/OpenZWave/open-zwave">
  <MetaData>
    <MetaDataItem name="OzwInfoPage">http://www.openzwave.com/device-database/0059:0001:0003</MetaDataItem>
    <MetaDataItem name="ProductPic">images/horstmann/asrzw.png</MetaDataItem>
    <MetaDataItem id="0001" name="ZWProductPage" type="0003">https://products.z-wavealliance.org/products/126/</MetaDataItem>
    <MetaDataItem id="0001" name="FrequencyName" type="0003">CEPT (Europe)</MetaDataItem>
    <MetaDataItem name="ProductPage">http://www.securetogether.eu/</MetaDataItem>
    <MetaDataItem id="0001" name="Identifier" type="0003">SSR301 </MetaDataItem>
    <MetaDataItem name="Name">Secure SSR301 1ch Zwave Relay box (Rx)</MetaDataItem>
    <MetaDataItem name="Description">ASR-RF is a mains powered receiver for connecting where a mains supply is readily available.AS2-RF thermostat transmits via Z Wave mesh radio technology and is capable of operation in most domestic houses with an operating range of approximately 30 metres. Ideal for controlling combi boilers, it can be mounted in any suitable location without the need to disturb existing wiring or décor. Operates from 3 standard AA batteries, with 2 years+ life and separate clock battery.</MetaDataItem>
    <ChangeLog>
      <Entry author="Justin Hammond - Justin@dynam.ac" date="03 May 2019" revision="2">Initial Metadata Import from Z-Wave Alliance Database - https://products.z-wavealliance.org/products/125/xml</Entry>
      <Entry author="Justin Hammond - Justin@dynam.ac" date="03 May 2019" revision="3">Updated Metadata Import from Z-Wave Alliance Database - https://products.z-wavealliance.org/products/126/xml</Entry>
    </ChangeLog>
  </MetaData>
  <CommandClass id="64">
    <TriggerRefreshValue Genre="user" Index="0" Instance="1">
      <RefreshClassValue CommandClass="37" Index="0" Instance="1" RequestFlags="0"/>
    </TriggerRefreshValue>
  </CommandClass>
</Product>
