<Product Revision="4" xmlns="https://github.com/OpenZWave/open-zwave">
  <MetaData>
    <MetaDataItem name="OzwInfoPage">http://www.openzwave.com/device-database/0059:0003:0001</MetaDataItem>
    <MetaDataItem name="ProductPic">images/horstmann/hrt4zw.png</MetaDataItem>
    <MetaDataItem id="0003" name="ZWProductPage" type="0001">https://products.z-wavealliance.org/products/115/</MetaDataItem>
    <MetaDataItem id="0003" name="FrequencyName" type="0001">CEPT (Europe)</MetaDataItem>
    <MetaDataItem name="Description">ThermostatThe innovative Horstmann CentaurPlus ZW combined wireless room stat and time control offers installers and householders the opportunity to easily and cost effectively update existing combi boiler controls.

The CentaurPlus has an integral transmitter and receiver, enabling wireless communication with the latest generation Horstmann HRT4-ZW TPI room thermostat.

Suitable for combi boilers
Volt free contacts
Automatic BST /GMT time change
Back lit display
Boost and Advance
Helps to meet Part L1 of 2010 Building Regs for existing installations
Built in Z Wave receiver
Industry Standard 6 terminal wall plate
ZW wireless technology
TPI energy saving software
Clear backlit display
Temperature range 5-30°C
Battery operated for wire free installation</MetaDataItem>
    <MetaDataItem name="Name">Secure SRT321 Zwave Stat (Tx)</MetaDataItem>
    <MetaDataItem name="ProductPage">http://www.securetogether.eu/</MetaDataItem>
    <MetaDataItem id="0003" name="Identifier" type="0001">SRT321 </MetaDataItem>
    <ChangeLog>
      <Entry author="Justin Hammond - Justin@dynam.ac" date="03 May 2019" revision="4">Initial Metadata Import from Z-Wave Alliance Database - https://products.z-wavealliance.org/products/115/xml</Entry>
    </ChangeLog>
  </MetaData>
  <!-- The thermostat does not properly report its operating modes -->
  <CommandClass id="64">
    <SupportedModes>
      <Mode index="0" label="Off"/>
      <Mode index="1" label="Heat"/>
    </SupportedModes>
  </CommandClass>
  <!-- This thermostat's setpoint descriptions are 0 based, not 1 -->
  <CommandClass id="67">
    <Compatibility>
      <Base>0</Base>
    </Compatibility>
  </CommandClass>
  <!-- Configuration Parameters -->
  <CommandClass id="112">
    <Value genre="config" index="1" label="Temperature sensor reading" max="1" min="0" size="1" type="list" value="0">
      <Help></Help>
      <Item label="Disable" value="0"/>
      <Item label="Enable" value="255"/>
    </Value>
    <Value genre="config" index="2" label="Temperature Scale" max="1" min="0" size="1" type="list" value="0">
      <Help></Help>
      <Item label="Celsius" value="0"/>
      <Item label="Fahrenheit" value="255"/>
    </Value>
    <Value genre="config" index="3" label="Temperature Delta T" type="byte" value="10">
      <Help>
        Delta T in steps of 0.1 degree.
      </Help>
    </Value>
  </CommandClass>
  <!-- Association Groups -->
  <CommandClass id="133">
    <Associations num_groups="5">
      <Group index="1" label="Thermostat Mode Set" max_associations="4"/>
      <Group auto="true" index="2" label="Binary Switch Set" max_associations="4"/>
      <Group auto="true" index="3" label="Unsolicited Battery Level Reports" max_associations="4"/>
      <Group auto="true" index="4" label="Thermostat Set Point Reports" max_associations="4"/>
      <Group auto="true" index="5" label="Unsolicited Sensor Multilevel Reports" max_associations="4"/>
    </Associations>
  </CommandClass>
</Product>
