<Product Revision="2" xmlns="https://github.com/OpenZWave/open-zwave">
  <MetaData>
    <MetaDataItem name="OzwInfoPage">http://www.openzwave.com/device-database/0152:0511:0202</MetaDataItem>
    <MetaDataItem name="ProductPic">images/gr/gr105.png</MetaDataItem>
    <MetaDataItem id="0511" name="ZWProductPage" type="0202">https://products.z-wavealliance.org/products/1008/</MetaDataItem>
    <MetaDataItem id="0511" name="Identifier" type="0202">GR-105</MetaDataItem>
    <MetaDataItem name="Name">U-Fairy Control Valve</MetaDataItem>
    <MetaDataItem name="Description">Auto Valve - Turn on/off water valve or gas valve</MetaDataItem>
    <MetaDataItem id="0511" name="FrequencyName" type="0202">CEPT (Europe)</MetaDataItem>
    <ChangeLog>
      <Entry author="Justin Hammond - Justin@dynam.ac" date="03 May 2019" revision="2">Initial Metadata Import from Z-Wave Alliance Database - https://products.z-wavealliance.org/products/1008/xml</Entry>
    </ChangeLog>
  </MetaData>
  <!-- Remove COMMAND_CLASS_SWITCH_MULTILEVEL -->
  <CommandClass action="remove" id="38"/>
  <!-- Association Groups -->
  <CommandClass id="133">
    <Associations num_groups="1">
      <Group index="1" label="Lifeline" max_associations="5"/>
    </Associations>
  </CommandClass>
</Product>
