<Product Revision="5" xmlns="https://github.com/OpenZWave/open-zwave">
  <MetaData>
    <MetaDataItem name="OzwInfoPage">http://www.openzwave.com/device-database/0208:0008:0201</MetaDataItem>
    <MetaDataItem name="ProductPic">images/hank/hkzw-dws01.png</MetaDataItem>
    <MetaDataItem id="0008" name="ZWProductPage" type="0201">https://products.z-wavealliance.org/products/2775/</MetaDataItem>
    <MetaDataItem name="ProductManual">https://Products.Z-WaveAlliance.org/ProductManual/File?folder=&amp;filename=Manuals/2844/DoorWindowSensorEngineeringSpecification.pdf</MetaDataItem>
    <MetaDataItem name="InclusionDescription">1.	Insert the AAA battery.
2.	Set the Z-Wave network main controller into learning mode.
3.	Triple or single short press the Z-button.
4.	If the add for inclusion is successful, the LED will blink less than 5 seconds and then keep on 3 seconds. Otherwise, the LED will blink 5 seconds and then turn off, in which case you need to repeat the process from step 2.
</MetaDataItem>
    <MetaDataItem name="ResetDescription">1.	Insert the AAA battery.
2.    Pressing and holding the Z button for more than 20 seconds,
3.    Led will keep on until the Z-Button is released, and it will reset to factory default when the button is released.

Using this procedure only in the event that the network primary controller is missing or otherwise inoperable.
</MetaDataItem>
    <MetaDataItem id="0008" name="Identifier" type="0201">HKZW-DWS01</MetaDataItem>
    <MetaDataItem name="Description">Door/Window Sensor is a wireless reed sensor powered by AAA battery. It is used for detecting the opening or closing of doors, windows. It can communicate with an associated Z-Wave device, such as Siren, Smart Switch, etc.</MetaDataItem>
    <MetaDataItem name="ExclusionDescription">1.	Insert the AAA battery.
2.	Set the Z-Wave network main controller into learning mode.
3.	Triple clicking the Z-button.
4.	If the remove for exclusion, the LED will turn off within 1 second. Otherwise, the LED will blink 5 seconds and then turn off, in which case you need to repeat the process from step 2.

</MetaDataItem>
    <MetaDataItem id="0008" name="FrequencyName" type="0201">U.S. / Canada / Mexico</MetaDataItem>
    <MetaDataItem name="Name">Door/Window Sensor</MetaDataItem>
    <ChangeLog>
      <Entry author="Justin Hammond - Justin@dynam.ac" date="24 May 2019" revision="2">Initial Metadata Import from Z-Wave Alliance Database - https://products.z-wavealliance.org/products/1892/xml</Entry>
      <Entry author="Justin Hammond - Justin@dynam.ac" date="24 May 2019" revision="3">Updated Metadata Import from Z-Wave Alliance Database - https://products.z-wavealliance.org/products/1896/xml</Entry>
      <Entry author="Justin Hammond - Justin@dynam.ac" date="02 Jun 2019" revision="4">Updated Metadata Import from Z-Wave Alliance Database - https://products.z-wavealliance.org/products/2775/xml</Entry>
      <Entry author="Justin Hammond - Justin@dynam.ac" date="02 Jun 2019" revision="5">Updated Metadata Import from Z-Wave Alliance Database - https://products.z-wavealliance.org/products/2844/xml</Entry>
    </ChangeLog>
    <MetaDataItem id="0008" name="ZWProductPage" type="0200">https://products.z-wavealliance.org/products/2844/</MetaDataItem>
    <MetaDataItem id="0008" name="Identifier" type="0200">HKZW-DWS01</MetaDataItem>
    <MetaDataItem id="0008" name="FrequencyName" type="0200">CEPT (Europe)</MetaDataItem>
  </MetaData>
  <!--
      Hank HKZW-DWS01 Door/Window Sensor
      http://products.z-wavealliance.org/products/1896
      http://products.z-wavealliance.org/ProductManual/File?folder=&filename=Manuals/1896/HKZW-DWS01_Product%20Manual%20.pdf
    -->
    <!-- Configuration -->
  <CommandClass id="112">
    <Value genre="config" index="14" instance="1" label="BASIC SET command" max="1" min="0" size="1" type="list" value="0">
      <Help>Enable/Disable BASIC SET command</Help>
      <Item label="Disabled" value="0"/>
      <Item label="Enabled" value="1"/>
    </Value>
    <Value genre="config" index="15" instance="1" label="Value of the BASIC SET" max="1" min="0" size="1" type="list" value="0">
      <Help>
                Send BASIC SET VALUE = 255 to nodes associated with group 2 when door/window is opened.
                Send BASIC SET VALUE = 0 to nodes associated with group 2 when door/window is closed.</Help>
      <Item label="255" value="0"/>
      <Item label="0" value="1"/>
    </Value>
    <Value genre="config" index="32" instance="1" label="Level of low battery" max="50" min="10" size="1" type="byte" units="%" value="10">
      <Help>The value here defines the low battery</Help>
    </Value>
  </CommandClass>
  <!-- Association Groups -->
  <CommandClass id="133">
    <Associations num_groups="2">
      <Group index="1" label="Lifeline" max_associations="5"/>
      <Group index="2" label="BASIC SET command" max_associations="5"/>
    </Associations>
  </CommandClass>
</Product>
