<Product Revision="2" xmlns="https://github.com/OpenZWave/open-zwave">
  <MetaData>
    <MetaDataItem name="OzwInfoPage">http://www.openzwave.com/device-database/000C:000B:0201</MetaDataItem>
    <MetaDataItem name="ProductPic">images/homeseer/hs-fls100plus.png</MetaDataItem>
    <MetaDataItem id="000B" name="ZWProductPage" type="0201">https://products.z-wavealliance.org/products/2947/</MetaDataItem>
    <MetaDataItem name="Description">HS-FLS100+ is a Z-Wave enabled outdoor motion sensor that may be used for a variety of applications. 

• Use as a stand alone outdoor motion sensor and/or LUX sensor.
• Use as a replacement sensor for a motion-activated floodlight unit. In this configuration, it can control floodlight loads when motion is sensed or when commands are received from the central controller.</MetaDataItem>
    <MetaDataItem name="ProductManual">https://Products.Z-WaveAlliance.org/ProductManual/File?folder=&amp;filename=Manuals/2947/HS-FLS100-user-manual2b-A501112779R.pdf</MetaDataItem>
    <MetaDataItem name="InclusionDescription">Z-Wave auto inclusion.
Or manual inclusion : put the Z-Wave controller into inclusion mode, press the Link button 3 times within 1.5 seconds to put the unit into inclusion mode.</MetaDataItem>
    <MetaDataItem id="000B" name="FrequencyName" type="0201">U.S. / Canada / Mexico</MetaDataItem>
    <MetaDataItem name="ExclusionDescription"> Put the Z-Wave Controller into exclusion mode. Press the Link button 3 times within 1.5 seconds to put the unit into exclusion mode.</MetaDataItem>
    <MetaDataItem name="Name">HomeSeer HS-FLS100+ Z-Wave Plus Floodlight Sensor</MetaDataItem>
    <MetaDataItem id="000B" name="Identifier" type="0201">HS-FLS100+</MetaDataItem>
    <MetaDataItem name="ResetDescription"> The product reset is to operate only when the primary controller is missing or inoperable. Press the Link button 3 times within 1.5 seconds to put the unit into exclusion mode.Within 1 second of step 1, press the Link button again and hold until LED is off (about 5 seconds).</MetaDataItem>
    <ChangeLog>
      <Entry author="Justin Hammond - Justin@dynam.ac" date="02 Jun 2019" revision="2">Initial Metadata Import from Z-Wave Alliance Database - https://products.z-wavealliance.org/products/2947/xml</Entry>
    </ChangeLog>
  </MetaData>
  <!-- Configuration Parameters -->
  <CommandClass id="112">
    <Value genre="config" index="1" instance="1" label="PIR Trigger Off Period" max="720" min="8" size="2" type="short" units="seconds" value="15">
      <Help>Period to send Trigger Off command after PIR is triggered.</Help>
    </Value>
    <Value genre="config" index="2" instance="1" label="Lux sensor threshold" max="255" min="0" size="2" type="short" units="" value="50">
      <Help>
        When the lux level falls below this threshold and the PIR gets triggered, the unit emits a Basic Set Command (Value=0xFF) and turns on its floodlight. This overwrites the Lux level set by the Lux knob.

        Setting = 0: Never turn ON light when PIR triggered
        Setting = 30~200: Turn ON light when lux is below configured threshold.
        Setting = 255: Always turn ON light when PIR triggered

        If the level is set to 0, the unit will not turn on its floodlight. The sensor will only send a notification report to the controller.
      </Help>
    </Value>
    <Value genre="config" index="3" instance="1" label="Auto Report luminance interval" max="1440" min="0" size="2" type="short" units="minutes" value="10">
      <Help>sets the interval of periodic lux level report to the controller</Help>
    </Value>
    <Value genre="config" index="4" instance="1" label="Basic Report" max="1" min="0" size="1" type="list" units="" value="1">
      <Help></Help>
      <Item label="Disable Basic Report" value="0"/>
      <Item label="Enable Basic Report" value="1"/>
    </Value>
  </CommandClass>
  <!-- Association Groups -->
  <CommandClass id="133">
    <Associations num_groups="2">
      <Group index="1" label="Lifeline" max_associations="1"/>
      <Group index="2" label="PIR Control" max_associations="4"/>
    </Associations>
  </CommandClass>
</Product>
