<Product Revision="2" xmlns="https://github.com/OpenZWave/open-zwave">
  <!--MCOHome Thermostat fan coil MH8-FC-EU -->
  <CommandClass id="67">
    <Compatibility>
      <Base>0</Base>
    </Compatibility>
  </CommandClass>
  <!-- The thermostat does not properly report its operating modes -->
  <CommandClass id="68">
    <Instance index="1"/>
    <Value genre="user" index="0" instance="1" label="Fan Mode" size="1" type="list" units="">
      <Item label="On Low" value="1"/>
      <Item label="On High" value="3"/>
      <Item label="On Medium" value="5"/>
    </Value>
    <SupportedModes>
      <Mode index="1" label="On Low"/>
      <Mode index="3" label="On High"/>
      <Mode index="5" label="Unknown 5"/>
    </SupportedModes>
    <Compatibility/>
  </CommandClass>
  <!-- Association Groups -->
  <CommandClass id="133">
    <Associations num_groups="1">
      <Group index="1" label="Lifeline" max_associations="1"/>
    </Associations>
  </CommandClass>
</Product>
