<!-- Philio: PAN04-1 Double Relay Switch 2x1.5kW with Power Measurement --><Product Revision="7" xmlns="https://github.com/OpenZWave/open-zwave">
  <MetaData>
    <MetaDataItem name="OzwInfoPage">http://www.openzwave.com/device-database/013C:0003:0001</MetaDataItem>
    <MetaDataItem name="ProductPic">images/philio/pan04.png</MetaDataItem>
    <MetaDataItem id="0003" name="ZWProductPage" type="0001">https://products.z-wavealliance.org/products/851/</MetaDataItem>
    <MetaDataItem id="0003" name="Identifier" type="0001">PAN04-2</MetaDataItem>
    <MetaDataItem name="ProductPage">http://philio-tech.com/</MetaDataItem>
    <MetaDataItem id="0003" name="FrequencyName" type="0001">CEPT (Europe) / U.S. / Canada / Mexico</MetaDataItem>
    <MetaDataItem name="Description"> This in-wall dual relay switch module is a transceiver which is a Z-Wave Plus™ enabled device and is fully compatible with any Z-Wave™ enabled network.  Mini size design let the module can easily hide itself into the wall box and that will be good for the house decoration. There are many kind of 
application by using the module to switch AC power On and Off, one main application is the light control. The new smart relay calibration technology can reduce the inrush current caused by the load and let the module work perfectly with many kind of light like incandescent, fluorescent and LED light.

This in-wall switch module is able to detect Instant power wattage and overload current (7.5A) of connected light or appliances. When detecting overload state, the Module will be disabled and its On/Off button will be lockout of which LED will flash quickly. However, disconnect and re-connect the Module will reset its overload condition to normal status. 
</MetaDataItem>
    <MetaDataItem name="Name">In Wall Dual relay(1 way) switch module</MetaDataItem>
    <ChangeLog>
      <Entry author="Justin Hammond - Justin@dynam.ac" date="03 May 2019" revision="5">Initial Metadata Import from Z-Wave Alliance Database - https://products.z-wavealliance.org/products/820/xml</Entry>
      <Entry author="Justin Hammond - Justin@dynam.ac" date="03 May 2019" revision="6">Updated Metadata Import from Z-Wave Alliance Database - https://products.z-wavealliance.org/products/851/xml</Entry>
      <Entry author="Justin Hammond - Justin@dynam.ac" date="08 May 2019" revision="7">Updated Metadata Import from Z-Wave Alliance Database - https://products.z-wavealliance.org/products/1148/xml</Entry>
    </ChangeLog>
    <MetaDataItem id="0012" name="ZWProductPage" type="0001">https://products.z-wavealliance.org/products/1148/</MetaDataItem>
    <MetaDataItem name="InclusionDescription">1.    Put your Z-Wave controller into inclusion mode by following the instructions provided by the controller manufacturer. 
2.    Pressing INCLUDE_BUTTON three times within 2 seconds will enter inclusion mode. </MetaDataItem>
    <MetaDataItem id="0012" name="Identifier" type="0001">PAN04-1A</MetaDataItem>
    <MetaDataItem id="0012" name="FrequencyName" type="0001">CEPT (Europe)</MetaDataItem>
    <MetaDataItem name="ResetDescription">This procedure should only be used in the event the primary controller is lost or otherwise inoperable.

1.  Pressing INCLUDE_BUTTON three times within 2 seconds will enter inclusion mode. 
2.  Within 1 second, press INCLUDE_BUTTON again for 5 seconds. 
3.  IDs are excluded. 
</MetaDataItem>
    <MetaDataItem name="ProductManual">https://Products.Z-WaveAlliance.org/ProductManual/File?folder=&amp;filename=Manuals/1148/PAN04-1-2-3A manual-20140918.pdf</MetaDataItem>
    <MetaDataItem name="ExclusionDescription">1.    Put your Z-Wave controller into exclusion mode by following the instructions provided by the controller manufacturer. 
2.  Pressing INCLUDE_BUTTON three times within 2 seconds will enter exclusion mode. </MetaDataItem>
  </MetaData>
  <!-- Configuration Parameters -->
  <CommandClass id="112">
    <Value genre="config" index="1" instance="1" label="Watt meter report period" max="32000" min="1" type="short" value="720">
      <Help>If the setting is configured for 1hour (set value =720), the device will report its instant power consumption every 1 hour to Z-Wave Controller. Unit: 5 seconds.</Help>
    </Value>
    <Value genre="config" index="2" instance="1" label="kWh meter report period" max="32000" min="1" type="short" value="6">
      <Help>If the setting is configured for 1hour (set value =720), the device will report its power consumption in KWh every 1 hour to Z-Wave Controller. Unit: 5 seconds.</Help>
    </Value>
    <Value genre="config" index="3" instance="1" label="Selected end point" max="3" min="0" type="byte" value="1">
      <Help>1: Relay 1 and Relay 2. 2: Relay 1. 3: Relay 2</Help>
    </Value>
    <Value genre="config" index="4" instance="1" label="Edge or Pulse mode or Edge-Toggle mode" max="3" min="0" type="byte" value="1">
      <Help>Edge or Pulse mode or Edge-Toggle mode defines the operating mode of the externally connected switch. Default: Edge Mode</Help>
      <Item label="Edge Mode" value="1"/>
      <Item label="Toggle Mode" value="2"/>
      <Item label="Edge/Toggle Mode" value="3"/>
    </Value>
    <Value genre="config" index="5" instance="1" label="Threshold of Watt for Load Caution" max="1500" min="10" type="short" value="1500">
      <Help>Threshold of Watt for Load Caution</Help>
    </Value>
    <Value genre="config" index="6" instance="1" label="Threshold of kWh for Load Caution" max="10000" min="0" type="short" value="10000">
      <Help>Threshold of kWh for Load Caution</Help>
    </Value>
  </CommandClass>
  <CommandClass id="96">
    <Compatibility>
      <MapRootToEndpoint>true</MapRootToEndpoint>
    </Compatibility>
  </CommandClass>
  <!-- COMMAND_CLASS_BASIC does not respond to requests -->
  <CommandClass action="remove" id="32"/>
  <!-- COMMAND_CLASS_ALARM does not respond to requests -->
  <CommandClass action="remove" id="113"/>
  <!-- Association Groups -->
  <CommandClass id="133">
    <Associations num_groups="3">
      <Group index="1" label="Relay 1 and 2 together" max_associations="1"/>
      <Group index="2" label="Relay 1" max_associations="1"/>
      <Group index="3" label="Relay 2" max_associations="1"/>
    </Associations>
  </CommandClass>
</Product>
