<!-- Philio: PSR04 Smart Color Button --><Product Revision="5" xmlns="https://github.com/OpenZWave/open-zwave">
  <MetaData>
    <MetaDataItem name="OzwInfoPage">http://www.openzwave.com/device-database/013C:0022:0009</MetaDataItem>
    <MetaDataItem name="ProductPic">images/philio/psr04.png</MetaDataItem>
    <MetaDataItem id="0022" name="ZWProductPage" type="0009">https://products.z-wavealliance.org/products/2573/</MetaDataItem>
    <MetaDataItem name="InclusionDescription">1. Have Z-Wave™ Controller entered inclusion mode.
2. Rotate to area A and then press button three times within 1.5 seconds to enter the inclusion mode.
3. After add successful, the device will wake to receive the setting command from Z-Wave™ Controller about 20 seconds.</MetaDataItem>
    <MetaDataItem name="ExclusionDescription">1. Have Z-Wave™  Controller entered exclusion mode.
2. Rotate to area A and then press button three times within 1.5 seconds to  enter the exclusion mode. Node ID has been removed.</MetaDataItem>
    <MetaDataItem name="WakeupDescription">After the device adding to the network, it will wake-up once per day in default. When it wake-up it will broadcast the “Wake Up Notification” message  to  the  network,  and  wake-up  20  seconds  for  receive  the setting commands. The wake-up interval minimum setting is 30 minutes, and maximum setting is 120 hours. And the interval step is 30 minutes. If the user wants to wake-up the device immediately, please rotate to area A and then press the button once. The device will wake-up 10 seconds.</MetaDataItem>
    <MetaDataItem name="Description">This device is a multiple functions button switch. It is able to
switch the appliances on/off or adjust the percentage of dimmer.
It can also work as a timer. The well designed wall bracket and
magnetic back let the switch can be fixed on the wall. This product
can be included and operated in any Z-Wave™  network  with other Z-Wave™  certified devices from other manufacturers and/or other applications.</MetaDataItem>
    <MetaDataItem id="0022" name="Identifier" type="0009">PSR04</MetaDataItem>
    <MetaDataItem name="Name">Smart Color Button</MetaDataItem>
    <MetaDataItem name="ProductManual">https://Products.Z-WaveAlliance.org/ProductManual/File?folder=&amp;filename=Manuals/2573/PSR04_manual.pdf</MetaDataItem>
    <MetaDataItem name="ResetDescription">Notice: Use this procedure only in the event that the primary controller is lost or otherwise inoperable.
1. Rotate to area A and then press button four times within 1.5 seconds and do not release the button in the 4 th  pressed, and the red LED will light ON.
2. After the red LED goes out, release the button within 2 seconds.
3. IDs are removed and all settings will reset to factory default.</MetaDataItem>
    <MetaDataItem id="0022" name="FrequencyName" type="0009">CEPT (Europe) / Brazil</MetaDataItem>
    <ChangeLog>
      <Entry author="Justin Hammond - Justin@dynam.ac" date="08 May 2019" revision="3">Initial Metadata Import from Z-Wave Alliance Database - https://products.z-wavealliance.org/products/1300/xml</Entry>
      <Entry author="Justin Hammond - Justin@dynam.ac" date="08 May 2019" revision="4">Updated Metadata Import from Z-Wave Alliance Database - https://products.z-wavealliance.org/products/1448/xml</Entry>
      <Entry author="Justin Hammond - Justin@dynam.ac" date="02 Jun 2019" revision="5">Updated Metadata Import from Z-Wave Alliance Database - https://products.z-wavealliance.org/products/2573/xml</Entry>
    </ChangeLog>
  </MetaData>
  <!-- Configuration Parameters -->
  <CommandClass id="112">
    <Value genre="config" index="1" label="Basic Set Off Level" max="99" min="0" type="byte" value="0">
      <Help>
          Control the value represented by the left-side in area D.
		  E.g. Setting this configuration
		  to 15 means range of Command Basic Set value start from 15
	  </Help>
    </Value>
    <Value genre="config" index="2" label="Basic Set On Level" max="99" min="0" type="byte" value="99">
      <Help>
          Control the value represented by the right-side in area D.
		  E.g. Setting this configuration
		  to 15 means range of Command Basic Set value start from 15
	  </Help>
    </Value>
    <Value genre="config" index="10" label="Auto report battery time" max="127" min="0" type="byte" value="12">
      <Help>
          The interval time for auto reporting
          the Battery level. 0 means turn off auto report battery.
          The default value is 12.
       </Help>
    </Value>
    <Value genre="config" index="25" label="Customer function" max="3" min="0" type="byte" value="0">
      <Help>
          Bit 0: Dimmer setting method.
          0 : Auto send Command Basic Set after rotating.
          1 : Send Command Basic Set by touching key after rotating
          Bit 1: Disable buzzer in timer mode.
          0: Enable.
          1: Disable.
       </Help>
    </Value>
    <Value genre="config" index="26" label="Scene Holding report" size="1" type="list" value="0">
      <Help>
          Send Central Scene Holding when the button is held.
       </Help>
      <Item label="Enabled" value="0"/>
      <Item label="Disabled" value="1"/>
    </Value>
  </CommandClass>
  <!-- Basic set as report -->
  <CommandClass id="32">
    <Compatibility>
      <SetAsReport>true</SetAsReport>
    </Compatibility>
  </CommandClass>
  <!-- Association Groups -->
  <CommandClass id="133">
    <Associations num_groups="2">
      <Group index="1" label="Reports" max_associations="8"/>
      <Group auto="true" index="2" label="Light Control" max_associations="8"/>
    </Associations>
  </CommandClass>
</Product>
