<Product Revision="2" xmlns="https://github.com/OpenZWave/open-zwave">
  <MetaData>
    <MetaDataItem name="OzwInfoPage">http://www.openzwave.com/device-database/014F:3531:4744</MetaDataItem>
    <MetaDataItem name="ProductPic">images/linear/gd00z-7.png</MetaDataItem>
    <MetaDataItem id="3531" name="ZWProductPage" type="4744">https://products.z-wavealliance.org/products/2904/</MetaDataItem>
    <MetaDataItem name="Name"> Z-Wave Garage Door Controller </MetaDataItem>
    <MetaDataItem name="ExclusionDescription">1. Place your Z-Wave Controller into Exclude mode.
2. Press and release the link button on the GD00Z-6.</MetaDataItem>
    <MetaDataItem name="InclusionDescription">1. Place your Z-Wave Controller into Include mode.
2. Press and release the link button on the GD00Z-6.</MetaDataItem>
    <MetaDataItem id="3531" name="FrequencyName" type="4744">U.S. / Canada / Mexico</MetaDataItem>
    <MetaDataItem id="3531" name="Identifier" type="4744">GD00Z-6</MetaDataItem>
    <MetaDataItem name="ProductManual">https://Products.Z-WaveAlliance.org/ProductManual/File?folder=&amp;filename=Manuals/2904/10015084AX1 UG.pdf</MetaDataItem>
    <MetaDataItem name="Description">The GoControl GD00Z-6 is the next iteration of the best selling line of Z-Wave controlled remote garage door status indicator and activator.  Adding S2 security and OTA capability, the GD00Z-6 continues to Nortek’s leadership positing in the IOT market.   Open or close a sectional garage door remotely through a Z-Wave certified Gateway or Security Panel. Compatible with virtually any garage door opener connected to a sectional garage door. Audible and visual warnings prior to remotely-activated door movement, meeting UL 325 safety requirements. Included tilt sensor reports door "open" or "close" information.</MetaDataItem>
    <MetaDataItem name="ResetDescription">Reset the GD00Z-6 by pressing the LINK button 5 times. A quick beep followed by a longer beep will indicate the reset.
Reset should only be used in the case of a missing or inoperative primary controller.</MetaDataItem>
    <ChangeLog>
      <Entry author="Justin Hammond - Justin@dynam.ac" date="02 Jun 2019" revision="1">Initial Metadata Import from Z-Wave Alliance Database - https://products.z-wavealliance.org/products/2635/xml</Entry>
      <Entry author="Justin Hammond - Justin@dynam.ac" date="02 Jun 2019" revision="2">Updated Metadata Import from Z-Wave Alliance Database - https://products.z-wavealliance.org/products/2904/xml</Entry>
    </ChangeLog>
  </MetaData>
</Product>
