<Product Revision="2" xmlns="https://github.com/OpenZWave/open-zwave">
  <MetaData>
    <MetaDataItem name="OzwInfoPage">http://www.openzwave.com/device-database/014F:3530:4744</MetaDataItem>
    <MetaDataItem name="ProductPic">images/linear/ngd00z.png</MetaDataItem>
    <MetaDataItem id="3530" name="ZWProductPage" type="4744">https://products.z-wavealliance.org/products/1458/</MetaDataItem>
    <MetaDataItem name="WakeupDescription">n/a</MetaDataItem>
    <MetaDataItem name="ExclusionDescription">With the hub in "Remove" mode, press the release the button on the side of the GD00Z.</MetaDataItem>
    <MetaDataItem id="3530" name="FrequencyName" type="4744">U.S. / Canada / Mexico</MetaDataItem>
    <MetaDataItem name="InclusionDescription">With the hub in "Add" mode, press the release the button on the side of the GD00Z.</MetaDataItem>
    <MetaDataItem id="3530" name="Identifier" type="4744">GD00Z-4</MetaDataItem>
    <MetaDataItem name="Name">GD00Z-4</MetaDataItem>
    <MetaDataItem name="Description">Garage Door Remote Controller Accessory opens or closes a sectional garage door remotely through a Z-Wave certified Gateway or Security Panel. Compatible with virtually any garage door opener connected to a sectional garage door. Audible and visual warnings prior to remotely-activated door movement, meeting UL 325 safety requirements. Included tilt sensor reports door "open" or "close" information.</MetaDataItem>
    <MetaDataItem name="ProductManual">https://Products.Z-WaveAlliance.org/ProductManual/File?folder=&amp;filename=Manuals/1458/236956BX1 GD00Z-4 GoControl Instructions.pdf</MetaDataItem>
    <MetaDataItem name="ResetDescription">Press and release the button in the side of the unit 5 times within 10 seconds only when the primary controller is not available.</MetaDataItem>
    <ChangeLog>
      <Entry author="Justin Hammond - Justin@dynam.ac" date="08 May 2019" revision="1">Initial Metadata Import from Z-Wave Alliance Database - https://products.z-wavealliance.org/products/1298/xml</Entry>
      <Entry author="Justin Hammond - Justin@dynam.ac" date="08 May 2019" revision="2">Updated Metadata Import from Z-Wave Alliance Database - https://products.z-wavealliance.org/products/1458/xml</Entry>
    </ChangeLog>
  </MetaData>
</Product>
