<?xml version="1.0" encoding="utf-8"?>
<Product xmlns='https://github.com/OpenZWave/open-zwave' Revision="3">
	<!-- Configuration Parameters -->
	<CommandClass id="112">
		<Value type="list" index="3" genre="config" label="LED Mode" size="1" value="0">
			<Help>In night-light mode the LED on the switch will turn ON when the switch is turned OFF, instead of following the state of the load.</Help>
			<Item label="Normal" value="0" />
			<Item label="Night-light" value="1" />
		</Value>
		<Value type="bool" index="4" genre="config" label="Invert Switch" size="1" value="False">
			<Help>Change the top of the switch to OFF and the bottom of the switch to ON.</Help>
		</Value>
	</CommandClass>
        <CommandClass id="133">
          <Associations num_groups="1">
            <Group index="1" label="Group 1" max_associations="5"/>
          </Associations>
        </CommandClass>
</Product>
