<Product Revision="1" xmlns="https://github.com/OpenZWave/open-zwave">
  <MetaData>
    <MetaDataItem name="OzwInfoPage">http://www.openzwave.com/device-database/0001:3330:524D</MetaDataItem>
    <MetaDataItem name="ProductPic">images/act/zrm230.png</MetaDataItem>
    <MetaDataItem id="3330" name="ZWProductPage" type="524D">https://products.z-wavealliance.org/products/476/</MetaDataItem>
    <MetaDataItem name="Description">The ZRM230 is a 6A, 230 VAC, 50 Hz, RF wall switch with 3-way capability.  This wall switch can be controlled manually, with the ZTH200
Z-Wave RF Remote Control, or the ACT multilevel auxiliary switch (AS200).  This will control loads ON and OFF up to and inclduing 6A.

The ZRM230 is a Dual Paddle design, where the first switch controls the connected load and also serves as a transmitter by using multiple switch taps (controls one group of 5 Z-Wave modules), and the second paddle is a transmitter only (controls two groups of 5 Z-Wave modules).

Replaces the existing wall switch, and can add 3-way capability.

Each ZRM230 Wall Mounted Switch functions as an automatic repeater to other HomePro Modules to ensure full home coverage of the RF signal.

Has automatic Static Update Controller (SUC) capability</MetaDataItem>
    <MetaDataItem id="3330" name="FrequencyName" type="524D">CEPT (Europe)</MetaDataItem>
    <MetaDataItem name="ProductPage">http://www.act-solutions.com/HomePro-Product-Matrix.html#Euro</MetaDataItem>
    <MetaDataItem name="Name">ZRM230 - Wall Mounted 3-Way Switch 2-Gang</MetaDataItem>
    <MetaDataItem id="3330" name="Identifier" type="524D">ZRM230</MetaDataItem>
    <ChangeLog>
      <Entry author="Justin Hammond - Justin@dynam.ac" date="03 May 2019" revision="1">Initial Metadata Import from Z-Wave Alliance Database - https://products.z-wavealliance.org/products/476/xml</Entry>
    </ChangeLog>
  </MetaData>
  <CommandClass id="112"/>
</Product>
