<Product Revision="3" xmlns="https://github.com/OpenZWave/open-zwave">
  <MetaData>
    <MetaDataItem name="OzwInfoPage">http://www.openzwave.com/device-database/0001:3030:5250</MetaDataItem>
    <MetaDataItem name="ProductPic">images/act/zrp100.png</MetaDataItem>
    <MetaDataItem id="3030" name="ZWProductPage" type="5250">https://products.z-wavealliance.org/products/357/</MetaDataItem>
    <MetaDataItem name="ProductPage">http://www.act-solutions.com/HomePro-Product-Matrix.html#Euro</MetaDataItem>
    <MetaDataItem name="Name">ZRP100 (V3.30)</MetaDataItem>
    <MetaDataItem name="Description">US Plug In Relay•	 Provides wireless ON/OFF control of lamps and other electrical appliances connected to the Plug-In Appliance Module. 
•	 The wall hugging design plugs into a wall outlet and provides a grounded switched 120 VAC outlet on one side and a grounded pass thru "always powered" 120 VAC outlet on the other. Controlled outlet also has sense feature that turns it on when load is turned on. 
•	 Each Plug-In Appliance Module functions as automatic repeater to other HomePro Modules to ensure full home coverage. 
•	 Can request updates from a designated Static Update Controller (SUC). A Static Controller is one that is not moved after its addition to the network. The Static Controller can act as a gateway in the system, since other nodes always know its position. The “always listening” advantage of the Static Controller is that other nodes can transmit information frames to it whenever needed. 
</MetaDataItem>
    <MetaDataItem id="3030" name="Identifier" type="5250">ZRP100</MetaDataItem>
    <MetaDataItem name="ProductSupport">http://www.act-remote.com/HPW/Specs/ZRP100-S200_spec.pdf</MetaDataItem>
    <MetaDataItem id="3030" name="FrequencyName" type="5250">U.S. / Canada / Mexico</MetaDataItem>
    <ChangeLog>
      <Entry author="Justin Hammond - Justin@dynam.ac" date="03 May 2019" revision="1">Initial Metadata Import from Z-Wave Alliance Database - https://products.z-wavealliance.org/products/152/xml</Entry>
      <Entry author="Justin Hammond - Justin@dynam.ac" date="03 May 2019" revision="2">Updated Metadata Import from Z-Wave Alliance Database - https://products.z-wavealliance.org/products/194/xml</Entry>
      <Entry author="Justin Hammond - Justin@dynam.ac" date="03 May 2019" revision="3">Updated Metadata Import from Z-Wave Alliance Database - https://products.z-wavealliance.org/products/357/xml</Entry>
    </ChangeLog>
  </MetaData>
  <CommandClass id="112"/>
</Product>
