<Product Revision="2" xmlns="https://github.com/OpenZWave/open-zwave">
  <MetaData>
    <MetaDataItem name="OzwInfoPage">http://www.openzwave.com/device-database/014D:0001:0001</MetaDataItem>
    <MetaDataItem name="ProductPic">images/enblink/ss201-us-w_1308.png</MetaDataItem>
    <MetaDataItem id="0001" name="ZWProductPage" type="0001">https://products.z-wavealliance.org/products/969/</MetaDataItem>
    <MetaDataItem id="0001" name="Identifier" type="0001">SS201-US-W</MetaDataItem>
    <MetaDataItem id="0001" name="FrequencyName" type="0001">U.S. / Canada / Mexico</MetaDataItem>
    <MetaDataItem name="Name">Enblink GoogleTV Controller</MetaDataItem>
    <MetaDataItem name="Description">Enblink turns Google TV into a home automation hub.</MetaDataItem>
    <ChangeLog>
      <Entry author="Justin Hammond - Justin@dynam.ac" date="03 May 2019" revision="1">Initial Metadata Import from Z-Wave Alliance Database - https://products.z-wavealliance.org/products/937/xml</Entry>
      <Entry author="Justin Hammond - Justin@dynam.ac" date="03 May 2019" revision="2">Updated Metadata Import from Z-Wave Alliance Database - https://products.z-wavealliance.org/products/969/xml</Entry>
    </ChangeLog>
    <MetaDataItem name="ProductPage">http://www.enblink.com/</MetaDataItem>
  </MetaData>
</Product>
