<!--
devolo Siren MT02758
http://products.z-wavealliance.org/products/2308
--><Product Revision="4" xmlns="https://github.com/OpenZWave/open-zwave">
  <MetaData>
    <MetaDataItem name="OzwInfoPage">http://www.openzwave.com/device-database/0175:000A:0004</MetaDataItem>
    <MetaDataItem name="ProductPic">images/devolo/mt02758.png</MetaDataItem>
    <MetaDataItem id="000A" name="ZWProductPage" type="0004">https://products.z-wavealliance.org/products/2308/</MetaDataItem>
    <MetaDataItem name="ExclusionDescription">1. Have Z-Wave™ Controller entered exclusion mode.
2. Pressing tamper key three times within 1.5 seconds to enter the exclusion mode.
Node ID has been excluded.</MetaDataItem>
    <MetaDataItem name="Description">Siren MT02758 is a wireless siren, based on Z-Wave™  technology. It is the Z-Wave™  plus product, it support the security, OTA... Those newest features   of   the  Z-Wave™   technology.</MetaDataItem>
    <MetaDataItem name="Name">Siren</MetaDataItem>
    <MetaDataItem id="000A" name="FrequencyName" type="0004">CEPT (Europe)</MetaDataItem>
    <MetaDataItem id="000A" name="Identifier" type="0004">MT02758</MetaDataItem>
    <MetaDataItem name="ProductManual">https://Products.Z-WaveAlliance.org/ProductManual/File?folder=&amp;filename=Manuals/2308/MT02758_manual.pdf</MetaDataItem>
    <MetaDataItem name="ResetDescription">Notice: Use this procedure only in the event that the primary controller is lost or otherwise inoperable.
1. Pressing tamper key four times within 1.5 seconds and do not release the tamper key in the 4 pressed, and the LED will light ON.
2. After 3 seconds the LED will turn OFF, after that within 2 seconds, release the tamper key. If successful, the LED will light ON one second. Otherwise, the LED will flash once.
3. IDs are excluded and all settings will reset to factory default.</MetaDataItem>
    <MetaDataItem name="InclusionDescription">1. Have Z-Wave™ Controller entered inclusion mode.
2. Pressing tamper key three times within 1.5 seconds
to enter the inclusion mode.
3. After add successful, the LED will light ON 1 second</MetaDataItem>
    <ChangeLog>
      <Entry author="Justin Hammond - Justin@dynam.ac" date="02 Jun 2019" revision="4">Initial Metadata Import from Z-Wave Alliance Database - https://products.z-wavealliance.org/products/2308/xml</Entry>
    </ChangeLog>
  </MetaData>
  <!-- Configuration Parameters -->
  <CommandClass id="112">
    <Value genre="config" index="7" label="Customer Function" size="1" type="list" value="0">
      <Help>
                bit 0 Notification Type: 0: Using Notification Report, 1: Using Sensor Binary Report.
                bit 7 Other sounds: 0: Disabled, 1: Enable.
            </Help>
      <Item label="Using Notification Report" value="0"/>
      <Item label="Using Sensor Binary Report" value="1"/>
      <Item label="Using Notification Report with other sounds" value="128"/>
      <Item label="Using Sensor Binary Report with other sounds" value="129"/>
    </Value>
    <Value genre="config" index="29" label="Alarm" size="1" type="list" value="0">
      <Help>
                Disable the alarm function.
                1: Disable Alarm,
                0: Enable Alarm.
                Caution: After the power up, this configuration is always 0.
            </Help>
      <Item label="Enable" value="0"/>
      <Item label="Disable" value="1"/>
    </Value>
    <Value genre="config" index="31" label="Basic Set Off Level" max="127" min="0" type="byte" value="6">
      <Help>
                Play alarm sound duration,
                1 tick is 30 seconds. Default is 3 minutes, maximum is 63.5 minutes.
                0 means never auto stop.
            </Help>
    </Value>
  </CommandClass>
  <!-- Basic set as report -->
  <CommandClass id="32">
    <Compatibility>
      <SetAsReport>true</SetAsReport>
    </Compatibility>
  </CommandClass>
  <!-- Association Groups -->
  <CommandClass id="133">
    <Associations num_groups="1">
      <Group index="1" label="Lifeline" max_associations="8"/>
    </Associations>
  </CommandClass>
</Product>
