<?xml version="1.0" encoding="UTF-8"?>
<!-- Devolo Metering Plug MT 2646
http://products.z-wavealliance.org/products/1129
 -->
<Product xmlns='https://github.com/OpenZWave/open-zwave' Revision="1">
    <!-- Configuration Parameters -->
    <CommandClass id="112">
        <Value type="short" index="1" genre="config" label="Watt Meter Report Period" min="1" max="32767" value="720">
            <Help>
                0 Disable automatic interval meter reporting of Watts.
                1 to 32767 Enable automatic interval reporting with an interval of 5 * the value.
            </Help>
        </Value>
        <Value type="short" index="2" genre="config" label="KWH Meter Report Period" min="1" max="32767" value="6">
            <Help>
                0 Disable automatic interval meter kWh reporting.
                If the setting is configured for 1hour (set value =6), the Home Control Metering Plug will report its Accumulated Power Consumption (KW/h) every 1 hour to Group1 node. The maximum interval to report its Accumulated Power Consumption (KW/h) is 227.55 days (10min*32767/1440=227.55 days).
            </Help>
        </Value>
        <Value type="short" index="3" genre="config" label="Threshold of current for Load caution" min="10" max="1300" value="1300">
            <Help>
                This is a warning when the current of load over the preset threshold value, if the setting value is 1300, when the load current of Relay1 over this value, Home Control Metering Plug will send current meter report to warn the Group1 node, the Range of the setting value is from 10 to 1300,and the default value is 1300.
            </Help>
        </Value>
        <Value type="short" index="4" genre="config" label="Threshold of KWh for Load caution" min="1" max="10000" value="1000" units="KWh">
            <Help>
                0 Disable kWh Load Caution Reporting
                1 to 10000 Enable automatic warning when the accumulated kWh power consumption exceeds the setting value from 1KWh to 10000KWh.
            </Help>
        </Value>
        <Value type="list" index="5" genre="config" label="Restore switch state mode" min="0" max="2" value="1" size="1">
            <Help>
                Whenever the AC power return from lost, Home Control Metering Plug will restore the switch state which could be SWITCH OFF, LAST SWITCH STATE, SWITCH ON. The default setting is LAST SWITCH STATE.
            </Help>
            <Item label="Switch Off" value="0"/>
            <Item label="Last switch state" value="1"/>
            <Item label="Switch On" value="2"/>
        </Value>
        <Value type="list" index="6" genre="config" label="Mode of Switch Off function" min="0" max="1" value="1" size="1">
            <Help>
                When the mode of switch On/Off is set to 0, any command of switch off will be disabled and the On/Off function of include button will be disabled. The default setting is enable mode.
            </Help>
            <Item label="Disable" value="0"/>
            <Item label="Enable" value="1"/>
        </Value>
        <Value type="list" index="7" genre="config" label="LED indication mode" min="1" max="3" value="0" size="1">
            <Help>
                LED indication mode
            </Help>
            <Item label="Switch state" value="1"/>
            <Item label="Night Mode" value="2"/>
            <Item label="One flash mode" value="3"/>
        </Value>
        <Value type="short" index="8" genre="config" label="Auto off timer" min="0" max="32767" value="0" units="second">
            <Help>
                0 Disable the auto off function.
                1 to 32767 1s to 32767s for automatically turning off.
            </Help>
        </Value>
        <Value type="list" index="9" genre="config" label="RF off command mode" min="0" max="3" value="0" units="" size="1">
            <Help>
                Whenever a switch off command,BASIC_SET, BINARY_SWITCH_SET, SWITCH_ALL_OFF, is received, it could be interpreted as a variety of 4 commands.
            </Help>
            <Item label="Switch Off" value="0"/>
            <Item label="Ignore" value="1"/>
            <Item label="Switch toggle" value="2"/>
            <Item label="Switch On" value="3"/>
        </Value>
    </CommandClass>
    <!-- Association Groups -->
    <CommandClass id="133">
        <Associations num_groups="1">
            <Group index="1" max_associations="1" label="Lifeline"/>
        </Associations>
    </CommandClass>
</Product>
