<!--
Devolo Smoke Detector MT 2651
https://products.z-wavealliance.org/products/2230
 -->
 <Product Revision="2" xmlns="https://github.com/OpenZWave/open-zwave">
  <!-- the Device Doesn't support Get for Alarm Class -->
  <CommandClass id="113">
    <Compatibility>
      <GetSupported>false</GetSupported>
    </Compatibility>
  </CommandClass>
  <!-- Association Groups -->
  <CommandClass id="133">
    <Associations num_groups="1">
      <Group index="1" label="Lifeline" max_associations="5"/>
    </Associations>
  </CommandClass>
</Product>
