<Product Revision="3" xmlns="https://github.com/OpenZWave/open-zwave">
  <MetaData>
    <MetaDataItem name="OzwInfoPage">http://www.openzwave.com/device-database/0175:0021:0002</MetaDataItem>
    <MetaDataItem name="ProductPic">images/devolo/mt2756.png</MetaDataItem>
    <MetaDataItem id="0021" name="ZWProductPage" type="0002">https://products.z-wavealliance.org/products/2227/</MetaDataItem>
    <MetaDataItem name="InclusionDescription">1. Have Z-Wave™  Controller entered inclusion mode.
2. Pressing the tamper key three times within 1.5 
seconds to enter the inclusion mode.
3. After add successful, the device will wake to 
receive the setting command from Z-Wave™ 
Controller about 20 seconds.
</MetaDataItem>
    <MetaDataItem name="Description">MT02756 has temperature and humidity,based on Z-Wave™ technology.
It is the  Z-Wave™   plus product, it support the security, OTA... Those newest features of the  Z-Wave™   technology.  Z-Wave™ is a wireless communication protocol designed for home automation, specifically to remotely   control   applications   in   residential   and   light   commercial environments. The technology uses a low-power RF radio embedded or retrofitted into home electronics devices and systems, such as lighting, home access control, entertainment systems and household appliances.
This product can be included and operated in any Z-Wave™   network with other Z-Wave™  certified devices from other manufacturers and/or other applications.  All non-battery operated nodes within the network will act as repeaters regardless of vendor to increase reliability of the
network. 
</MetaDataItem>
    <MetaDataItem name="WakeupDescription">When the device power on, the device will wake about 20 seconds. In
this duration, the controller can communicate with the device. Normally
the device is always sleeping to save the battery energy.
</MetaDataItem>
    <MetaDataItem name="Name">Flood Sensor</MetaDataItem>
    <MetaDataItem id="0021" name="Identifier" type="0002">MT02756</MetaDataItem>
    <MetaDataItem id="0021" name="FrequencyName" type="0002">CEPT (Europe)</MetaDataItem>
    <MetaDataItem name="ExclusionDescription">1. Have Z-Wave™  Controller entered exclusion mode.
2. Pressing tamper key three times within 1.5 seconds
to enter the exclusion mode.
Node ID has been excluded.
</MetaDataItem>
    <MetaDataItem name="ResetDescription">Notice: Use this procedure only in the event 
that the primary controller is lost or 
otherwise inoperable.
1. Pressing tamper key four times within 1.5 seconds 
and do not release the tamper key in the 4 th  
pressed, and the LED will light ON.
2. After 3 seconds the LED will turn OFF, after that 
within 2 seconds, release the tamper key. If 
successful, the LED will light ON one second. 
Otherwise, the LED will flash once.
3. IDs are excluded and all settings will reset to 
factory default.</MetaDataItem>
    <MetaDataItem name="ProductManual">https://Products.Z-WaveAlliance.org/ProductManual/File?folder=&amp;filename=Manuals/2227/MT02756_MT02755_Manual.pdf</MetaDataItem>
    <ChangeLog>
      <Entry author="Justin Hammond - Justin@dynam.ac" date="02 Jun 2019" revision="3">Initial Metadata Import from Z-Wave Alliance Database - https://products.z-wavealliance.org/products/2227/xml</Entry>
    </ChangeLog>
  </MetaData>
  <!--
    Devolo Flood Sensor MT2756
    http://products.z-wavealliance.org/products/2227
    -->
    <!-- COMMAND_CLASS_CONFIGURATION. Configuration Parameters -->
  <CommandClass id="112">
    <Value genre="config" index="1" label="Basic Set OFF Level" max="255" min="0" size="1" type="byte" value="0">
      <Help>
                Setting the BASIC command value.
                When the flood trigger off(0x00), send the BASIC CC to the group 2
            </Help>
    </Value>
    <Value genre="config" index="2" label="Basic Set ON Level" max="255" min="0" size="1" type="byte" value="255">
      <Help>
                Setting the BASIC command value.
                When the flood trigger on(0xFF), send the BASIC CC to the group 2
            </Help>
    </Value>
    <Value genre="config" index="5" instance="1" label="Operation Mode" size="1" type="list" value="0">
      <Help></Help>
      <Item label="Normal" value="0"/>
      <Item label="Disable the Flood function" value="33"/>
    </Value>
    <Value genre="config" index="7" instance="1" label="Costumer Function" max="255" min="0" type="byte" units="" value="0">
      <Help>
                8  Disable send out BASIC OFF after the flood event cleared.
                16 Notification Type, 0:Using Notification Report. 16:Using Sensor Binary Report.
                32 Disable Multi CC in auto report.
                64 Disable to report battery state when the device triggered.
            </Help>
    </Value>
    <Value genre="config" index="10" instance="1" label="Auto Report Battery Time" max="127" min="0" type="byte" units="" value="12">
      <Help>
                The interval time for auto report the battery level.
                0 means turn off auto report.
                The default value is 12.
                The tick time can be set by the configuration No.20.
            </Help>
    </Value>
    <Value genre="config" index="15" instance="1" label="Auto Report Flood Time" max="127" min="0" type="byte" units="" value="12">
      <Help>
                The interval time for auto report the flood state.
                0 means turn off auto report.
                The default value is 12.
                The tick time can be set by the configuration No.20.
            </Help>
    </Value>
    <Value genre="config" index="20" instance="1" label="Auto Report Tick Interval" max="255" min="0" type="byte" units="minute" value="30">
      <Help>
                The interval time for auto report each tick.
                Setting this configuration will effect configuration No.10, No.13, No.14 and No.15.
                Units of one minute.
                Caution1: Setting to 0 means turn off all auto report function.
                Caution2: The value is unsigned byte
            </Help>
    </Value>
  </CommandClass>
  <!-- COMMAND_CLASS_BASIC -->
  <CommandClass id="32">
    <Compatibility>
      <SetAsReport>true</SetAsReport>
    </Compatibility>
  </CommandClass>
  <!-- Association Groups -->
  <CommandClass id="133">
    <Associations num_groups="2">
      <Group index="1" label="Lifeline" max_associations="8"/>
      <Group index="2" label="Basic Set" max_associations="8"/>
    </Associations>
  </CommandClass>
</Product>
