<!--
devolo RS 014G0159
http://products.z-wavealliance.org/products/1063
-->
<Product Revision="2" xmlns="https://github.com/OpenZWave/open-zwave">
  <!-- This thermostat's setpoint descriptions are 0 based, not 1 -->
  <CommandClass id="67">
    <Instance index="1"/>
    <Value genre="user" index="1" instance="1" label="Heating" max="0" min="0" read_only="false" type="decimal" units="C" value="0.0" verify_changes="false" write_only="false"/>
    <Value genre="user" index="2" instance="1" label="Cooling" max="0" min="0" read_only="false" type="decimal" units="C" value="0.0" verify_changes="false" write_only="false"/>
    <Value genre="user" index="3" instance="1" label="Unused" max="0" min="0" read_only="false" type="decimal" units="C" value="0.0" verify_changes="false" write_only="false"/>
    <Compatibility>
      <OverridePrecision>2</OverridePrecision>
      <Base>0</Base>
    </Compatibility>
  </CommandClass>
  <!-- Configuration Parameters -->
  <CommandClass id="112">
    <Value genre="config" index="1" label="Temperature Threshold" max="100" min="1" type="short" value="5">
      <Help>
                Temperature Report threshold (1=0.1C)
            </Help>
    </Value>
    <Value genre="config" index="2" label="Setpoint resolution" max="100" min="1" type="short" value="5">
      <Help>
                Set-point display resolution (1=0.1C)
            </Help>
    </Value>
    <Value genre="config" index="3" label="Min/Override Setpoint" max="40" min="0" type="short" value="12">
      <Help>
                Min Set-point and override limit
            </Help>
    </Value>
    <Value genre="config" index="4" label="Max/Override Setpoint" max="40" min="0" type="short" value="28">
      <Help>
                Max Set-point and override limit
            </Help>
    </Value>
    <Value genre="config" index="6" label="Setpoint control function" size="1" type="list" value="1">
      <Help>
                Setpoint control function
            </Help>
      <Item label="Disabled" value="0"/>
      <Item label="Enabled" value="1"/>
    </Value>
    <Value genre="config" index="7" label="Temporarily override scheduler" size="1" type="list" value="1">
      <Help>
                Temporarily override scheduler
            </Help>
      <Item label="Disabled" value="0"/>
      <Item label="Enabled" value="1"/>
    </Value>
    <Value genre="config" index="8" label="Setpoint type" size="1" type="list" value="1">
      <Help>
                Setpoint type in thermostat setpoint_reports
            </Help>
      <Item label="Heating" value="1"/>
      <Item label="Cooling" value="2"/>
      <Item label="Auto Changeover" value="10"/>
    </Value>
    <Value genre="config" index="9" label="Led on time" max="5" min="1" type="byte" value="1">
      <Help>
                Led on time (1=100ms)
            </Help>
    </Value>
    <Value genre="config" index="5" label="Led Flash Period" max="65535" min="0" type="short" value="1">
      <Help>
                Led Flash Period (0 to 65535 seconds)
            </Help>
    </Value>
    <Value genre="config" index="10" label="Number of flash" max="255" min="0" type="byte" value="5">
      <Help>
                Number of led flashes (duration)
            </Help>
    </Value>
    <Value genre="config" index="11" label="Led Color" size="1" type="list" value="1">
      <Help>
                Led Color
            </Help>
      <Item label="Green" value="1"/>
      <Item label="Red" value="2"/>
    </Value>
  </CommandClass>
</Product>
