<Product Revision="1" xmlns="https://github.com/OpenZWave/open-zwave">
  <MetaData>
    <MetaDataItem name="OzwInfoPage">http://www.openzwave.com/device-database/0110:0001:2411</MetaDataItem>
    <MetaDataItem name="ProductPic">images/frostdale/fdn2311.png</MetaDataItem>
    <MetaDataItem id="0001" name="ZWProductPage" type="2411">https://products.z-wavealliance.org/products/599/</MetaDataItem>
    <MetaDataItem name="ProductPage">http://www.frostdale.com/products/switch_2-4_buttons.html</MetaDataItem>
    <MetaDataItem id="0001" name="Identifier" type="2411">FDN2311</MetaDataItem>
    <MetaDataItem name="Description">The nanogrid™ three button switch provides complete control over three independent light fixtures, with a maximum load rating of 600 watts. No additional wiring or configuration is needed to replace existing switches, and it is easily included in a Z-Wave network. Built-in temperature sensors can deliver room temperature to a Z-Wave gateway or thermostat, and may be used to trigger climate control events. The ESM (Energy Saving Mode) feature is activated by pressing and holding the switch’s top button and helps to reduce electricity usage. The switch’s unique design is available in five elegant finishes, with LEDs available in white, blue, or green.</MetaDataItem>
    <MetaDataItem name="ProductSupport">http://www.frostdale.com/faq.html</MetaDataItem>
    <MetaDataItem name="Name">nanogrid™ Wireless Light Switch</MetaDataItem>
    <MetaDataItem id="0001" name="FrequencyName" type="2411">U.S. / Canada / Mexico</MetaDataItem>
    <ChangeLog>
      <Entry author="Justin Hammond - Justin@dynam.ac" date="03 May 2019" revision="1">Initial Metadata Import from Z-Wave Alliance Database - https://products.z-wavealliance.org/products/599/xml</Entry>
    </ChangeLog>
  </MetaData>
  <CommandClass id="112"/>
</Product>
