<Product Revision="1" xmlns="https://github.com/OpenZWave/open-zwave">
  <MetaData>
    <MetaDataItem name="OzwInfoPage">http://www.openzwave.com/device-database/0012:0001:0001</MetaDataItem>
    <MetaDataItem name="ProductPic">images/icare/zw-66.png</MetaDataItem>
    <MetaDataItem id="0001" name="ZWProductPage" type="0001">https://products.z-wavealliance.org/products/938/</MetaDataItem>
    <MetaDataItem id="0001" name="FrequencyName" type="0001">U.S. / Canada / Mexico</MetaDataItem>
    <MetaDataItem id="0001" name="Identifier" type="0001">ZW-66</MetaDataItem>
    <MetaDataItem name="Name">Sanjose USB Dongle</MetaDataItem>
    <MetaDataItem name="Description">USB Adapter</MetaDataItem>
    <ChangeLog>
      <Entry author="Justin Hammond - Justin@dynam.ac" date="03 May 2019" revision="1">Initial Metadata Import from Z-Wave Alliance Database - https://products.z-wavealliance.org/products/938/xml</Entry>
    </ChangeLog>
  </MetaData>
</Product>
