<Product Revision="2" xmlns="https://github.com/OpenZWave/open-zwave">
  <MetaData>
    <MetaDataItem name="OzwInfoPage">http://www.openzwave.com/device-database/0154:0001:0005</MetaDataItem>
    <MetaDataItem name="ProductPic">images/popp/012501.png</MetaDataItem>
    <MetaDataItem id="0001" name="ZWProductPage" type="0005">https://products.z-wavealliance.org/products/2147/</MetaDataItem>
    <MetaDataItem name="Name">Strike Lock Control</MetaDataItem>
    <MetaDataItem name="ResetDescription">To do a factory reset press the Z-Wave button on the bottom of the device for at least 10 seconds.  This procedure should only be used when the primary controller is missing or inoperable.</MetaDataItem>
    <MetaDataItem name="ProductManual">https://Products.Z-WaveAlliance.org/ProductManual/File?folder=&amp;filename=Manuals/2147/POP_StrikeManual.pdf</MetaDataItem>
    <MetaDataItem name="Description">An electric strike is an access control device used to lock and release doors. Electric strikes are installed in or on the doorframe and work in conjunction with mechanical door lock, on the principle of electronically controlling the rotation of the keeper allowing for door opening without manual retraction of the mechanical door lock. This product combines a 16 mm thick strike lock (that will fit into almost all door formats) with a Z-Wave plus empowered wireless control. The lock mechanics and the Z-Wave control are operated by a 9V block battery or an external 8-12V AC / 8-24V DC transformer. The Z-Wave control accepts commands to open or close the strike. Depending on a configuration parameter the door will be looked automatically after a certain time even if no ‘close’ command was sent. The device can be used standalone and within every conventional Intercom system controlling strike locks.</MetaDataItem>
    <MetaDataItem id="0001" name="FrequencyName" type="0005">CEPT (Europe)</MetaDataItem>
    <MetaDataItem id="0001" name="Identifier" type="0005">012501</MetaDataItem>
    <MetaDataItem name="InclusionDescription">Pressing the Z-Wave button for one second includes the device. It is not allowed to operate the device in a non-secure environment. This means that the including controller must support Secure Command Class.</MetaDataItem>
    <MetaDataItem name="ExclusionDescription">A single click on the button will exclude the device.</MetaDataItem>
    <ChangeLog>
      <Entry author="Justin Hammond - Justin@dynam.ac" date="02 Jun 2019" revision="2">Initial Metadata Import from Z-Wave Alliance Database - https://products.z-wavealliance.org/products/2147/xml</Entry>
    </ChangeLog>
  </MetaData>
  <!-- 
Popp 012501 Strike Lock Control 
http://www.popp.eu/wp-content/uploads/2016/11/Manual_ElectricStrikeLockControl_POPP_en.pdf
-->
	<!-- Configuration  -->
  <CommandClass id="112">
    <Value genre="config" index="0" instance="1" label="Automatically switch off after" max="127" min="0" size="1" type="byte" units="seconds" value="3">
      <Help>
			0: No automated close after command open.
			1 - 127: Close again after x seconds (Default 3)
			</Help>
    </Value>
    <Value genre="config" index="1" instance="1" label="Value of Off-Command" max="99" min="0" size="1" type="byte" value="0">
      <Help>0 - 99 (Default 0)</Help>
    </Value>
    <Value genre="config" index="2" instance="1" label="Value of On-Command" max="99" min="0" size="1" type="byte" value="99">
      <Help>0 - 99 (Default 99)</Help>
    </Value>
  </CommandClass>
  <!-- Association Groups -->
  <CommandClass id="133">
    <Associations num_groups="2">
      <Group index="1" label="Lifeline" max_associations="10"/>
      <Group index="2" label="Action on External Dry Input" max_associations="10"/>
    </Associations>
  </CommandClass>
</Product>
