<Product Revision="1" 
  xmlns="https://github.com/OpenZWave/open-zwave">
  <MetaData>
    <MetaDataItem name="Name">DB2 Z-Wave Accessory</MetaDataItem>
    <MetaDataItem name="Description">Connect a DB2 or DB2-B to your smart hub using this easy to install Z-Wave module</MetaDataItem>
    <MetaDataItem name="OzwInfoPage">http://www.openzwave.com/device-database/021D:0001:0003</MetaDataItem>
    <MetaDataItem name="ProductPic">images/alfred/DB2.png</MetaDataItem>
    <MetaDataItem name="ProductPage">https://alfredinc.com/collections/products/products/zwave-module</MetaDataItem>
    <MetaDataItem name="ProductSupport">https://alfredinc.com/pages/support</MetaDataItem>
    <MetaDataItem name="ProductManual">https://Products.Z-WaveAlliance.org/ProductManual/File?folder=&amp;filename=Manuals/3324/Alfred Z-Wave Plus System Integrators Guide V5.1.pdf</MetaDataItem>
    <MetaDataItem name="WakeupDescription">      <!-- Short description on how to wake up the device if its battery powered --></MetaDataItem>
    <MetaDataItem name="InclusionDescription">Follow the user guide of hub to enter inclusion mode.
-Operate on lock following guide below:
1.Enter master mode(refer to programming instruction)
2.Input “8” to enter “function extension settings”
3.Input “1” to join a network.</MetaDataItem>
    <MetaDataItem name="ExclusionDescription">Follow the user guide of hub to enter exclusion mode.
-Operate on lock following guide below:
1.Enter master mode(refer to programming instruction)
2.Input “8” to enter “function extension settings”
3.Input “2” to log off a network.</MetaDataItem>
    <MetaDataItem name="ResetDescription">Please use this procedure only when the network primary controller is missing or inoperable.
-Operations on lock
1.Open the door and keep the lock in "unlock" status
2.Open battery box and find the reset button. 
3.Use a sharp thing to press and hold the reset button.
4.Keep holding the reset button and remove a battery from battery box then replace it.
5.Keep holding the reset button until hearing voice guide.</MetaDataItem>
    <MetaDataItem id="0001" name="ZWProductPage" type="0003">https://products.z-wavealliance.org/products/3324</MetaDataItem>
    <ChangeLog>
      <Entry author="petergebruers - petergebruers@gmail.com on behalf of " date="25 Aug 2019" revision="1">Initial file based on z-wavealliance.org</Entry>
    </ChangeLog>
  </MetaData>

  <!-- The Association Group Information -->
  <CommandClass id="133">
    <Associations num_groups="1">
      <Group index="1" label="LifeLine" max_associations="5"/>
    </Associations>
  </CommandClass>
</Product>
