<Product Revision="1" xmlns="https://github.com/OpenZWave/open-zwave">
  <MetaData>
    <MetaDataItem name="OzwInfoPage">http://www.openzwave.com/device-database/0030:0001:0001</MetaDataItem>
    <MetaDataItem name="ProductPic">images/comfort/ucm.png</MetaDataItem>
    <MetaDataItem id="0001" name="ZWProductPage" type="0001">https://products.z-wavealliance.org/products/833/</MetaDataItem>
    <MetaDataItem name="Description">The UCM/Zwave is a gateway to Z-Wave which allows users to control Z-Wave modules from the telephone, keypads, touchscreens and any user interface used with Comfortintegrated Intruder Alarm and Home Automation system</MetaDataItem>
    <MetaDataItem id="0001" name="Identifier" type="0001">UCM/Zwave</MetaDataItem>
    <MetaDataItem name="Name">Cytech UCM/ZWave</MetaDataItem>
    <MetaDataItem id="0001" name="FrequencyName" type="0001">CEPT (Europe)</MetaDataItem>
    <MetaDataItem name="ProductPage">http://www.cytech.biz/zwave_interface_eu.html?category_id=74</MetaDataItem>
    <ChangeLog>
      <Entry author="Justin Hammond - Justin@dynam.ac" date="03 May 2019" revision="1">Initial Metadata Import from Z-Wave Alliance Database - https://products.z-wavealliance.org/products/833/xml</Entry>
    </ChangeLog>
  </MetaData>
</Product>
