<Product Revision="1" xmlns="https://github.com/OpenZWave/open-zwave">
  <MetaData>
    <MetaDataItem name="OzwInfoPage">http://www.openzwave.com/device-database/0099:0002:0001</MetaDataItem>
    <MetaDataItem name="ProductPic">images/greenwave/gs1110-1-gr-1.png</MetaDataItem>
    <MetaDataItem id="0002" name="ZWProductPage" type="0001">https://products.z-wavealliance.org/products/834/</MetaDataItem>
    <MetaDataItem id="0002" name="Identifier" type="0001">GS1110-1-GR-1</MetaDataItem>
    <MetaDataItem name="Description">The GreenWave Reality Home Energy Management service provides robust monitoring and control of devices in the home. The initial installation typically includes a Gateway, intelligent power strips (PowerNodes), and integration with third-party smart thermostats. Consumers can extend conservation efforts and further simplify their lives by creating easy-to-configure Smart Controls that can be executed by the push of a button – or at scheduled times – to turn devices or entire rooms on or off.

GreenWave Reality’s focus on the consumer begins with a guided out-of-box experience that includes videos, an Energy Coach and a range of patented technologies that enable users to quickly get up and running on their own. After connecting the Gateway and plugging devices into the PowerNodes, the DeviceDNA feature automatically helps identify the type of each device for simple configuration of the system.</MetaDataItem>
    <MetaDataItem name="ProductPage">http://www.greenwavereality.com/</MetaDataItem>
    <MetaDataItem name="Name">OneGateway</MetaDataItem>
    <MetaDataItem id="0002" name="FrequencyName" type="0001">CEPT (Europe)</MetaDataItem>
    <ChangeLog>
      <Entry author="Justin Hammond - Justin@dynam.ac" date="03 May 2019" revision="1">Initial Metadata Import from Z-Wave Alliance Database - https://products.z-wavealliance.org/products/834/xml</Entry>
    </ChangeLog>
  </MetaData>
</Product>
