<!--
Smart Combustible Gas Sensor HS1CG-Z
http://products.z-wavealliance.org/products/2070
--><Product Revision="3" xmlns="https://github.com/OpenZWave/open-zwave">
  <MetaData>
    <MetaDataItem name="OzwInfoPage">http://www.openzwave.com/device-database/0260:1000:8003</MetaDataItem>
    <MetaDataItem name="ProductPic">images/zipato/HS1CG-Z.png</MetaDataItem>
    <MetaDataItem id="1000" name="ZWProductPage" type="8003">https://products.z-wavealliance.org/products/2473/</MetaDataItem>
    <MetaDataItem name="Description">Smart Combustible Gas Sensor in a convenient wall plug form factor for easy installation. 

Built-in audio and led notification systems for gas leakage detection events.</MetaDataItem>
    <MetaDataItem id="1000" name="Identifier" type="8003">hm-hs1cg-z.eu</MetaDataItem>
    <MetaDataItem name="ExclusionDescription">- Press the Net_Button 3 times within 1.5s 
- If remove Process is successful, Green LED is Blinking 6 times, then turn on </MetaDataItem>
    <MetaDataItem id="1000" name="FrequencyName" type="8003">CEPT (Europe)</MetaDataItem>
    <MetaDataItem name="ResetDescription">-Long press Net_Button at least 10 seconds in the device. 
-Device Reset Locally notification is Transmitted.
Please use this procedure only when the network primary controller is missing or otherwise inoperable. </MetaDataItem>
    <MetaDataItem name="ProductManual">https://Products.Z-WaveAlliance.org/ProductManual/File?folder=&amp;filename=Manuals/2473/ZipatoSmartCombustibleGasSensorManual.pdf</MetaDataItem>
    <MetaDataItem name="Name">Smart Combustible Gas Sensor</MetaDataItem>
    <MetaDataItem name="InclusionDescription">- Press the Net_Button 3 times within 1.5s, Green LED is Blinking 3 times within 1 second.
- If add Process is successful, Green LED will turn on. </MetaDataItem>
    <ChangeLog>
      <Entry author="Justin Hammond - Justin@dynam.ac" date="02 Jun 2019" revision="2">Initial Metadata Import from Z-Wave Alliance Database - https://products.z-wavealliance.org/products/2070/xml</Entry>
      <Entry author="Justin Hammond - Justin@dynam.ac" date="02 Jun 2019" revision="3">Updated Metadata Import from Z-Wave Alliance Database - https://products.z-wavealliance.org/products/2473/xml</Entry>
    </ChangeLog>
  </MetaData>
  <!-- Association Groups -->
  <CommandClass id="133">
    <Associations num_groups="2">
      <Group index="1" label="LifeLine" max_associations="1"/>
      <Group index="2" label="Notification" max_associations="5"/>
    </Associations>
  </CommandClass>
</Product>
