<!--
Temperature Humidity Sensor HS1HT-Z
http://products.z-wavealliance.org/products/2321
--><Product Revision="3" xmlns="https://github.com/OpenZWave/open-zwave">
  <MetaData>
    <MetaDataItem name="OzwInfoPage">http://www.openzwave.com/device-database/0260:1000:8007</MetaDataItem>
    <MetaDataItem name="ProductPic">images/heiman/HS1HT-Z.png</MetaDataItem>
    <MetaDataItem id="1000" name="ZWProductPage" type="8007">https://products.z-wavealliance.org/products/3015/</MetaDataItem>
    <MetaDataItem name="ProductManual">https://Products.Z-WaveAlliance.org/ProductManual/File?folder=&amp;filename=Manuals/3015/HS1HT-Z-S2documentation.pdf</MetaDataItem>
    <MetaDataItem name="ExclusionDescription">-  Click [Remove] icon in Z-Wave Controller.
-  Press the Net_Button 3 times within 1.5s 
-  If Exclusion Process is successful, Green LED is Blinking 6 times, then turn off
</MetaDataItem>
    <MetaDataItem name="Name">Smart Temperature &amp; Humidity Sensor</MetaDataItem>
    <MetaDataItem name="InclusionDescription">-  Click [Add] icon in Z-Wave Controller.
-  Press the Net_Button 3 times within 1.5s, Green LED is Blinking 3 times within 1 second.
-  If Inclusion Process is successful, Green LED will turn off.
</MetaDataItem>
    <MetaDataItem name="ResetDescription">-Long press Net_Button at least 10 seconds in the product. 
- Device Reset Locally notification is Transmitted.
Please use this procedure only when the network primary controller is missing or otherwise  inoperable.</MetaDataItem>
    <MetaDataItem id="1000" name="FrequencyName" type="8007">CEPT (Europe)</MetaDataItem>
    <MetaDataItem name="WakeupDescription">Wake up Notification is transmitted every 300 seconds by default.</MetaDataItem>
    <MetaDataItem name="Description">The smart humidity and temperature sensor adopts Z-Wave protocol. It is used to detect humidity and temperature. When the humidity or temperature exceeds the alarm thresholds, it will send alarm notifications to gateway immediately.</MetaDataItem>
    <MetaDataItem id="1000" name="Identifier" type="8007">HS1HT-Z</MetaDataItem>
    <ChangeLog>
      <Entry author="Justin Hammond - Justin@dynam.ac" date="02 Jun 2019" revision="2">Initial Metadata Import from Z-Wave Alliance Database - https://products.z-wavealliance.org/products/2321/xml</Entry>
      <Entry author="Justin Hammond - Justin@dynam.ac" date="03 Jun 2019" revision="3">Updated Metadata Import from Z-Wave Alliance Database - https://products.z-wavealliance.org/products/3015/xml</Entry>
    </ChangeLog>
  </MetaData>
  <!-- Association Groups -->
  <CommandClass id="133">
    <Associations num_groups="3">
      <Group index="1" label="LifeLine" max_associations="1"/>
      <Group index="2" label="Multilevel sensor temperature" max_associations="5"/>
      <Group index="3" label="Multilevel sensor humidity" max_associations="5"/>
    </Associations>
  </CommandClass>
</Product>
