<!--
Smart Plug HS2SK-Z
--><Product Revision="4" xmlns="https://github.com/OpenZWave/open-zwave">
  <MetaData>
    <MetaDataItem name="OzwInfoPage">http://www.openzwave.com/device-database/0260:1000:8006</MetaDataItem>
    <MetaDataItem name="ProductPic">images/heiman/HS2SK-Z.png</MetaDataItem>
    <MetaDataItem id="1000" name="ZWProductPage" type="8006">https://products.z-wavealliance.org/products/3017/</MetaDataItem>
    <MetaDataItem id="1000" name="FrequencyName" type="8006">CEPT (Europe)</MetaDataItem>
    <MetaDataItem name="Name">Smart Metering Plug</MetaDataItem>
    <MetaDataItem name="ResetDescription">-Long press SW_Button at least 10 seconds in HS2SK-Z. 
- Device Reset Locally notification is Transmitted.
-Please use this procedure only when the network primary controller is missing or otherwise inoperable.
</MetaDataItem>
    <MetaDataItem name="Description">The smart metering plug, adopts flame-retardant engineering material and Z-Wave protocol. it can be controlled by APP remotely. It also supports power metering and timing switch, and the function of power, voltage, current overload protection.</MetaDataItem>
    <MetaDataItem id="1000" name="Identifier" type="8006">HS2SK-Z</MetaDataItem>
    <MetaDataItem name="ProductManual">https://Products.Z-WaveAlliance.org/ProductManual/File?folder=&amp;filename=Manuals/3017/HS2SK-Z-S2documentation.pdf</MetaDataItem>
    <MetaDataItem name="ExclusionDescription">-  Click [Remove] icon in Z-Wave Controller. 
-  Press the SW_Button 3 times within 1.5s 
-  If remove Process is successful, Green LED is Blinking 6 times, then turn off.
</MetaDataItem>
    <MetaDataItem name="InclusionDescription">-  Click [Add] icon in Z-Wave Controller.
-  Press the SW_Button 3 times within 1.5s, Green LED is Blinking 3 times within 1 second.
-  If add Process is successful, Green LED will turn off.
</MetaDataItem>
    <ChangeLog>
      <Entry author="Justin Hammond - Justin@dynam.ac" date="24 May 2019" revision="2">Initial Metadata Import from Z-Wave Alliance Database - https://products.z-wavealliance.org/products/1941/xml</Entry>
      <Entry author="Justin Hammond - Justin@dynam.ac" date="02 Jun 2019" revision="3">Updated Metadata Import from Z-Wave Alliance Database - https://products.z-wavealliance.org/products/2315/xml</Entry>
      <Entry author="Justin Hammond - Justin@dynam.ac" date="03 Jun 2019" revision="4">Updated Metadata Import from Z-Wave Alliance Database - https://products.z-wavealliance.org/products/3017/xml</Entry>
    </ChangeLog>
    <MetaDataItem id="1000" name="ZWProductPage" type="8008">https://products.z-wavealliance.org/products/2315/</MetaDataItem>
    <MetaDataItem id="1000" name="Identifier" type="8008">HS2SK-Z</MetaDataItem>
    <MetaDataItem id="1000" name="FrequencyName" type="8008">CEPT (Europe)</MetaDataItem>
  </MetaData>
  <!-- Association Groups -->
  <CommandClass id="133">
    <Associations num_groups="1">
      <Group index="1" label="LifeLine" max_associations="1"/>
    </Associations>
  </CommandClass>
</Product>
