<Product Revision="5" xmlns="https://github.com/OpenZWave/open-zwave">
  <MetaData>
    <MetaDataItem name="OzwInfoPage">http://www.openzwave.com/device-database/0163:0301:3001</MetaDataItem>
    <MetaDataItem name="ProductPic">images/prowell/zw-702.png</MetaDataItem>
    <MetaDataItem id="0301" name="ZWProductPage" type="3001">https://products.z-wavealliance.org/products/995/</MetaDataItem>
    <MetaDataItem id="0301" name="FrequencyName" type="3001">CEPT (Europe) / U.S. / Canada / Mexico / CEPT (Europe) / CEPT (Europe) / U.S. / Canada / Mexico</MetaDataItem>
    <MetaDataItem name="Name">Queenlock Z-Wave Mortise Lock</MetaDataItem>
    <MetaDataItem name="Description">Use AES encryption to Lock/Unlock Door,have User Code management?Logging and schedule setting</MetaDataItem>
    <MetaDataItem id="0301" name="Identifier" type="3001">ZW-708</MetaDataItem>
    <ChangeLog>
      <Entry author="Justin Hammond - Justin@dynam.ac" date="03 May 2019" revision="1">Initial Metadata Import from Z-Wave Alliance Database - https://products.z-wavealliance.org/products/942/xml</Entry>
      <Entry author="Justin Hammond - Justin@dynam.ac" date="03 May 2019" revision="2">Updated Metadata Import from Z-Wave Alliance Database - https://products.z-wavealliance.org/products/943/xml</Entry>
      <Entry author="Justin Hammond - Justin@dynam.ac" date="03 May 2019" revision="3">Updated Metadata Import from Z-Wave Alliance Database - https://products.z-wavealliance.org/products/985/xml</Entry>
      <Entry author="Justin Hammond - Justin@dynam.ac" date="03 May 2019" revision="4">Updated Metadata Import from Z-Wave Alliance Database - https://products.z-wavealliance.org/products/986/xml</Entry>
      <Entry author="Justin Hammond - Justin@dynam.ac" date="03 May 2019" revision="5">Updated Metadata Import from Z-Wave Alliance Database - https://products.z-wavealliance.org/products/995/xml</Entry>
    </ChangeLog>
  </MetaData>
</Product>
