<!--
Leviton DZPD3-2BW, http://products.z-wavealliance.org/products/1958
--><Product Revision="3" xmlns="https://github.com/OpenZWave/open-zwave">
  <MetaData>
    <MetaDataItem name="OzwInfoPage">http://www.openzwave.com/device-database/001D:0001:3501</MetaDataItem>
    <MetaDataItem name="ProductPic">images/leviton/dzpd3.png</MetaDataItem>
    <MetaDataItem id="0001" name="ZWProductPage" type="3501">https://products.z-wavealliance.org/products/1958/</MetaDataItem>
    <MetaDataItem id="0001" name="Identifier" type="3501">DZPD3</MetaDataItem>
    <MetaDataItem name="ExclusionDescription">When removing a device from a Z-Wave® network best practice is to use the exclusion command found in the Z-Wave® controller.
• Enter Programming Mode by holding the control button for 7 seconds, the Locator LED will turn amber.
• Follow directions in the Z-Wave® controller to enter exclusion mode.
• Tap the control button one time. The Locator LED will quickly flash green.
The Z-Wave® controller will exclude the Decora Smart device.
• The Z-Wave® controller will confirm successful exclusion from the network.</MetaDataItem>
    <MetaDataItem name="InclusionDescription">Leviton Decora Smart Z-Wave® devices support two methods of inclusion.
When using a Z-Wave Plus certified controller choose Network Wide Inclusion.
Network Wide Inclusion:
Network Wide Inclusion allows your device to be added to the network using devices already in the network to assist with communication. Work your way from the closest devices to the controller outward.
• Enter Programming Mode by holding the control button for 7 seconds, the Locator LED will blink amber.
• Tap the control button one time.
The Locator LED will quickly flash green.
• The Decora Smart Z-Wave® device is ready to learn into the Z-Wave® network.
• Follow directions in the Z-Wave® controller to complete the adding process.
• Upon successful addition to network the LED will turn off and then blink green 3 times.
• If the adding process is not successful the LED will flash red 3 times.
Traditional Inclusion:
For older controllers Traditional Inclusion is supported. Depending on the age of the controller the controller will need to be 3 to 35 feet from the device when including.
• Enter Programming Mode by holding the control button for 7 seconds, the Locator LED will blink amber.
• The Decora Smart Z-Wave® device is ready to add to the Z-Wave® network.
• Follow directions in the Z-Wave® controller to enter learn mode.
• Tap the control button one time. The Locator LED will quickly flash green.
The Z-Wave® controller will begin to pair with the Decora Smart device.
• Upon successful addition to the network the LED will turn off and then blink green 3 times.
• If the adding process is not successful the LED will flash red 3 times.</MetaDataItem>
    <MetaDataItem name="ProductManual">https://Products.Z-WaveAlliance.org/ProductManual/File?folder=&amp;filename=Manuals/1958/DI-000-DZPD3-02B-X4.pdf</MetaDataItem>
    <MetaDataItem name="Description">The wireless Leviton DZPD3 is a Z-Wave enabled plug-in dimmer designed for use for most residential lighting applications to control LED, CFL, and incandescent bulbs. The DZPD3 Dimmer is fully compatible with Z-Wave Plus certified controllers. Provides full range dimming with adjustable fade rates.  Manufacturer Parameters allow custom configuration via Z-Wave commands.  Rated for 100W LED and CFL dimmable bulbs and 300W incandescent bulbs.  These Z-Wave Plus devices support beaming, network wide inclusion, and over the air updates.  </MetaDataItem>
    <MetaDataItem name="ResetDescription">When removing a device from a network it is best practice to use the Exclusion process. In
situations where a device needs to be returned to factory default follow the following steps.
A reset should only be used when a controller is inoperable or missing:
• Holding the control button for a total of 14 seconds.
- After the first 7 seconds the LED turns amber.
- The Locator LED will quickly flash red/amber after 14 seconds.
• Release the control button and the device will reset.</MetaDataItem>
    <MetaDataItem id="0001" name="FrequencyName" type="3501">U.S. / Canada / Mexico</MetaDataItem>
    <MetaDataItem name="Name">Plug-In Dimmer</MetaDataItem>
    <ChangeLog>
      <Entry author="Justin Hammond - Justin@dynam.ac" date="24 May 2019" revision="3">Initial Metadata Import from Z-Wave Alliance Database - https://products.z-wavealliance.org/products/1958/xml</Entry>
    </ChangeLog>
  </MetaData>
  <!-- Configuration Parameters -->
  <CommandClass id="112">
    <Value genre="config" index="1" label="Fade On Time" max="253" min="0" size="1" type="byte" units="" value="2">
      <Help>The amount of time to take to fade the lights from off to on.  A value of zero is instant (no fade), values between 1 and 127 represent 1 to 127 seconds, and values from 128 to 253 represent from 1 to 126 minutes.</Help>
      <Item label="Instant On" value="0"/>
    </Value>
    <Value genre="config" index="2" label="Fade Off Time" max="253" min="0" size="1" type="byte" units="" value="2">
      <Help>The amount of time to take to fade the lights from on to off.  A value of zero is instant (no fade), values between 1 and 127 represent 1 to 127 seconds, and values from 128 to 253 represent from 1 to 126 minutes.</Help>
      <Item label="Instant Off" value="0"/>
    </Value>
    <Value genre="config" index="3" label="Minimum Light Level" max="100" min="0" size="1" type="byte" units="" value="10">
      <Help>Smallest dimming value permitted.</Help>
    </Value>
    <Value genre="config" index="4" label="Maximum Light Level" max="100" min="0" size="1" type="byte" units="" value="100">
      <Help>Largest dimming value permitted.</Help>
    </Value>
    <Value genre="config" index="7" label="Locator LED Status" max="255" min="0" size="1" type="list" units="" value="255">
      <Help>Change the mode of the LED to Status Mode where the LED is illuminated when the load is On, Locator Mode where the LED is illuminated when the Load is Off, or turns off the LED completely for any other setting values.</Help>
      <Item label="LED Off" value="0"/>
      <Item label="Status Mode" value="254"/>
      <Item label="Locator Mode" value="255"/>
    </Value>
    <Value genre="config" index="8" label="Load Type" max="2" min="0" size="1" type="list" units="" value="0">
      <Help>Specify the type of load that this dimmer controls.</Help>
      <Item label="Incandescent" value="0"/>
      <Item label="LED" value="1"/>
      <Item label="CFL" value="2"/>
    </Value>
  </CommandClass>
  <!-- Association Groups -->
  <CommandClass id="133">
    <Associations num_groups="1">
      <Group index="1" label="Lifeline" max_associations="5"/>
    </Associations>
  </CommandClass>
  <CommandClass id="134">
    <Compatibility>
      <ClassGetVersionSupported>false</ClassGetVersionSupported>
    </Compatibility>
  </CommandClass>
</Product>
