<?xml version="1.0" encoding="utf-8"?>
<!--
Leviton 4 Button Zone Controller VRCZ4 / VRCZ4-MR
https://products.z-wavealliance.org/products/288
https://products.z-wavealliance.org/products/374
-->
<Product xmlns='https://github.com/OpenZWave/open-zwave' Revision="1">
	<!-- Association Groups -->
	<CommandClass id="133">
		<Associations num_groups="4">
		       <!-- Do not auto associate with Group 1 on this device -->
		       <Group index="1" max_associations="232" label="Basic - Button 1" auto="false"/>
		       <Group index="2" max_associations="232" label="Basic - Button 2"/>
		       <Group index="3" max_associations="232" label="Basic - Button 3"/>
		       <Group index="4" max_associations="232" label="Basic - Button 4"/>
		</Associations>
	</CommandClass>
</Product>
