<Product Revision="1" xmlns="https://github.com/OpenZWave/open-zwave">
  <MetaData>
    <MetaDataItem name="OzwInfoPage">http://www.openzwave.com/device-database/0123:0102:0102</MetaDataItem>
    <MetaDataItem name="ProductPic">images/iwatsu/ne-4ct-2p.png</MetaDataItem>
    <MetaDataItem id="0102" name="ZWProductPage" type="0102">https://products.z-wavealliance.org/products/946/</MetaDataItem>
    <MetaDataItem id="0102" name="Identifier" type="0102">NE-4CT-2P</MetaDataItem>
    <MetaDataItem id="0102" name="FrequencyName" type="0102">Japan</MetaDataItem>
    <MetaDataItem name="Name">Iwatsu Smart Connect NE-4CT-2P</MetaDataItem>
    <MetaDataItem name="Description">Smart-CONNECT CT. 

Electric power measuring equipment with Z-Wave.</MetaDataItem>
    <ChangeLog>
      <Entry author="Justin Hammond - Justin@dynam.ac" date="03 May 2019" revision="1">Initial Metadata Import from Z-Wave Alliance Database - https://products.z-wavealliance.org/products/946/xml</Entry>
    </ChangeLog>
  </MetaData>
</Product>
